{"type":"FeatureCollection","features":[{"type":"Feature","id":1,"geometry":{"type":"LineString","coordinates":[[-79.38032,43.6448100000001],[-79.37334,43.64581],[-79.36177,43.6482100000001],[-79.35749,43.6496000000001],[-79.35561,43.6504],[-79.34892,43.6539700000001],[-79.34761,43.6550300000001],[-79.34685,43.6559],[-79.3463199999999,43.65684],[-79.34601,43.65786],[-79.34556,43.6616000000001],[-79.3452,43.6629100000001],[-79.3447399999999,43.6640200000001],[-79.3439699999999,43.66544],[-79.34304,43.66679],[-79.34169,43.6683600000001],[-79.34026,43.6696400000001],[-79.3382099999999,43.67114],[-79.33617,43.67227],[-79.33306,43.67359],[-79.30445,43.68481],[-79.3007899999999,43.6861000000001],[-79.29901,43.68662],[-79.27907,43.69118],[-79.27539,43.69244],[-79.2725399999999,43.69388],[-79.27009,43.69561],[-79.26811,43.6975],[-79.26696,43.69897],[-79.2471399999999,43.7287400000001],[-79.24575,43.7303400000001],[-79.24355,43.73222],[-79.2276899999999,43.74224],[-79.22524,43.7440500000001],[-79.22155,43.7473600000001],[-79.22034,43.7481500000001],[-79.2190199999999,43.74881],[-79.21743,43.7493400000001],[-79.21321,43.75044],[-79.21129,43.75113],[-79.2082,43.7524700000001],[-79.20622,43.7531700000001],[-79.20399,43.75377],[-79.198262508,43.75481954]]},"properties":{"OBJECTID":1,"Route":"Toronto - Ottawa","ORIG_FID":1,"ORIG_SEQ":1,"Segment_Length":20.224994657992124,"Shape__Length":27970.535521567203}},{"type":"Feature","id":2,"geometry":{"type":"LineString","coordinates":[[-78.2990171329999,43.943592176],[-78.29736,43.94485],[-78.29662,43.94528],[-78.2948,43.94609],[-78.2890599999999,43.94768],[-78.27079,43.9525],[-78.26716,43.95325],[-78.26319,43.9538000000001],[-78.25892,43.95412],[-78.25659,43.95415],[-78.23626,43.9538600000001],[-78.23416,43.95401],[-78.20388,43.95817],[-78.2020899999999,43.9582500000001],[-78.20036,43.9581900000001],[-78.19758,43.95793],[-78.19565,43.9579],[-78.19424,43.9579800000001],[-78.19132,43.9584300000001],[-78.18959,43.9588900000001],[-78.1866699999999,43.9600300000001],[-78.18483,43.9609800000001],[-78.1761099999999,43.9659],[-78.1742599999999,43.9667900000001],[-78.17151,43.9677800000001]]},"properties":{"OBJECTID":2,"Route":"Toronto - Ottawa","ORIG_FID":1,"ORIG_SEQ":4,"Segment_Length":10.855280560879226,"Shape__Length":15060.4502616397}},{"type":"Feature","id":3,"geometry":{"type":"LineString","coordinates":[[-78.884626974,43.8708310160001],[-78.86583,43.87714],[-78.86353,43.8778300000001],[-78.8604,43.87852],[-78.8573299999999,43.87908],[-78.82667,43.88446],[-78.82471,43.8847000000001],[-78.8228099999999,43.8848100000001],[-78.82109,43.8848200000001],[-78.81786,43.8845400000001],[-78.8160799999999,43.8842300000001],[-78.8144399999999,43.8838400000001],[-78.8126099999999,43.8832800000001],[-78.81118,43.88273],[-78.80958,43.8820000000001],[-78.80846,43.8813900000001],[-78.80418,43.87859],[-78.80177,43.8772900000001],[-78.79893,43.8761400000001],[-78.79691,43.8755400000001],[-78.79355,43.8748800000001],[-78.7911599999999,43.87472],[-78.77532,43.87636],[-78.77382,43.8764100000001],[-78.77134,43.87634],[-78.76857,43.876],[-78.76718,43.87573],[-78.75372,43.8724700000001],[-78.75158,43.87201],[-78.7496,43.8717300000001],[-78.74619,43.87156],[-78.74313,43.8717300000001],[-78.72239,43.8740700000001],[-78.7204,43.8743400000001],[-78.7171999999999,43.87508],[-78.71603,43.87543],[-78.71356,43.87643],[-78.71126,43.87764],[-78.6874099999999,43.8931900000001],[-78.68614,43.8939300000001],[-78.6840099999999,43.89484],[-78.68258,43.8952800000001],[-78.67999,43.89576],[-78.67848,43.89588],[-78.6672399999999,43.8961800000001],[-78.66318,43.89617],[-78.65973,43.8959400000001],[-78.6503299999999,43.89487],[-78.64843,43.89478],[-78.64676,43.8948],[-78.64413,43.89502],[-78.6412,43.8955500000001],[-78.63964,43.89597],[-78.63663,43.89709],[-78.6311699999999,43.8996100000001],[-78.62958,43.90024],[-78.6275699999999,43.9009500000001],[-78.62539,43.9016100000001],[-78.6205199999999,43.9028000000001],[-78.61583,43.90353],[-78.58951,43.90707],[-78.58642,43.90736],[-78.58392,43.9073700000001],[-78.58045,43.9071000000001],[-78.5702699999999,43.90589],[-78.5676699999999,43.9055200000001],[-78.56459,43.9047800000001],[-78.56238,43.90403],[-78.55278,43.9004100000001],[-78.55009,43.8995200000001],[-78.54715,43.8989],[-78.54373,43.8985700000001],[-78.5401599999999,43.89864],[-78.53855,43.89883],[-78.51271,43.90216],[-78.51055,43.90254],[-78.50829,43.90302],[-78.5046599999999,43.9039900000001],[-78.4911099999999,43.90869],[-78.48855,43.90952],[-78.4858399999999,43.9102300000001],[-78.47731,43.9122600000001],[-78.4734099999999,43.91339],[-78.4573799999999,43.91936],[-78.45354,43.92058],[-78.45163,43.9210400000001],[-78.4475199999999,43.92164],[-78.4349099999999,43.9225500000001],[-78.4333,43.92274],[-78.43152,43.92303],[-78.42877,43.92373],[-78.4115,43.92945],[-78.40957,43.93012],[-78.40811,43.93075],[-78.40675,43.93145],[-78.39104,43.9409400000001],[-78.38805,43.9425600000001],[-78.3858099999999,43.9436200000001],[-78.3829699999999,43.94469],[-78.3788499999999,43.94595],[-78.37613,43.9466100000001],[-78.3734699999999,43.9470700000001],[-78.3688799999999,43.94755],[-78.36608,43.94768],[-78.36312,43.94766],[-78.36076,43.9475400000001],[-78.35842,43.9473100000001],[-78.35608,43.9469700000001],[-78.3299499999999,43.9428100000001],[-78.32683,43.9423800000001],[-78.31598,43.94129],[-78.3115799999999,43.9409200000001],[-78.3075899999999,43.9407100000001],[-78.30579,43.94068],[-78.3046899999999,43.94077],[-78.30373,43.9409600000001],[-78.3025699999999,43.94129],[-78.30157,43.94172],[-78.30046,43.94237],[-78.29952,43.9430100000001],[-78.29902,43.94359],[-78.2990171329999,43.943592176]]},"properties":{"OBJECTID":3,"Route":"Toronto - Ottawa","ORIG_FID":1,"ORIG_SEQ":3,"Segment_Length":50.456925975784259,"Shape__Length":69947.717359795861}},{"type":"Feature","id":4,"geometry":{"type":"LineString","coordinates":[[-78.17151,43.9677800000001],[-78.16903,43.9684100000001],[-78.16743,43.9687000000001],[-78.16568,43.9689000000001],[-78.16295,43.9690200000001],[-78.13623,43.9693600000001],[-78.13356,43.9693100000001],[-78.1065,43.96732],[-78.10342,43.9672400000001],[-78.1000099999999,43.9672600000001],[-78.0954399999999,43.96747],[-78.09067,43.9680300000001],[-78.05626,43.9728900000001],[-77.87613,43.99794],[-77.8729999999999,43.9984900000001],[-77.86916,43.99942],[-77.71147,44.04461],[-77.7050199999999,44.04654],[-77.7015899999999,44.04767],[-77.69746,44.04924],[-77.6920499999999,44.05143],[-77.6891199999999,44.0528400000001],[-77.68682,44.0541200000001],[-77.60988,44.1034700000001],[-77.6084099999999,44.10454],[-77.60695,44.10583],[-77.59881,44.1152500000001],[-77.598806688,44.115253393]]},"properties":{"OBJECTID":4,"Route":"Toronto - Ottawa","ORIG_FID":1,"ORIG_SEQ":5,"Segment_Length":50.323242540305664,"Shape__Length":69899.446246898166}},{"type":"Feature","id":5,"geometry":{"type":"LineString","coordinates":[[-79.198262508,43.75481954],[-79.1982599999999,43.75482],[-79.18722,43.75708],[-79.1632999999999,43.76172],[-79.14956,43.76522],[-79.14797,43.76579],[-79.1467,43.76638],[-79.14538,43.7671500000001],[-79.1397899999999,43.7706900000001],[-79.13762,43.7724200000001],[-79.13597,43.77403],[-79.12314,43.78778],[-79.1218,43.78948],[-79.1175699999999,43.79531],[-79.11662,43.79692],[-79.1159699999999,43.7984700000001],[-79.1155199999999,43.80019],[-79.11533,43.8018700000001],[-79.11485,43.8086900000001],[-79.11464,43.8105600000001],[-79.1143499999999,43.8118400000001],[-79.11383,43.81334],[-79.11323,43.8145700000001],[-79.1126399999999,43.8155300000001],[-79.1111799999999,43.81739],[-79.10998,43.8186000000001],[-79.1087899999999,43.8195900000001],[-79.1075099999999,43.8205100000001],[-79.1061999999999,43.82129],[-79.10432,43.82221],[-79.05699,43.84407],[-79.05538,43.84472],[-79.05365,43.84527],[-79.05171,43.84576],[-78.96284,43.8656800000001],[-78.96032,43.86618],[-78.95788,43.86647],[-78.9562699999999,43.8665500000001],[-78.95439,43.8665300000001],[-78.95219,43.8663500000001],[-78.9187399999999,43.8619800000001],[-78.91621,43.8618300000001],[-78.9132999999999,43.8619400000001],[-78.91016,43.8623600000001],[-78.90764,43.8629800000001],[-78.88463,43.8708300000001],[-78.884626974,43.8708310160001]]},"properties":{"OBJECTID":5,"Route":"Toronto - Ottawa","ORIG_FID":1,"ORIG_SEQ":2,"Segment_Length":30.695252381508006,"Shape__Length":42518.720751413479}},{"type":"Feature","id":6,"geometry":{"type":"LineString","coordinates":[[-76.9542619819999,44.2536498090001],[-76.95426,44.25365],[-76.95295,44.25365],[-76.95142,44.2535300000001],[-76.94996,44.2532400000001],[-76.94864,44.2528500000001],[-76.9473199999999,44.2523100000001],[-76.9443699999999,44.25066],[-76.94355,44.2501],[-76.94278,44.2494100000001],[-76.94212,44.2486200000001],[-76.9406999999999,44.2466600000001],[-76.93911,44.24483],[-76.9373899999999,44.24336],[-76.93643,44.24267],[-76.9238,44.23431],[-76.92197,44.2332700000001],[-76.92012,44.23238],[-76.9181599999999,44.23157],[-76.9164699999999,44.2310000000001],[-76.9147599999999,44.23056],[-76.91272,44.23017],[-76.9106199999999,44.2299600000001],[-76.90838,44.2299],[-76.89374,44.23049],[-76.89061,44.2303200000001],[-76.88917,44.2301],[-76.88763,44.22979],[-76.81503,44.21121],[-76.81321,44.2107500000001],[-76.8108999999999,44.21037],[-76.8089899999999,44.2102100000001],[-76.807,44.21016],[-76.80423,44.21034],[-76.76964,44.21342],[-76.76716,44.21371],[-76.76564,44.2139700000001],[-76.76257,44.2146100000001],[-76.7594599999999,44.2154800000001],[-76.73513,44.22342],[-76.73268,44.22411],[-76.7295599999999,44.2248200000001],[-76.72642,44.22542],[-76.6873899999999,44.2322800000001],[-76.68528,44.23249],[-76.6832699999999,44.2325500000001],[-76.68112,44.2324600000001],[-76.67878,44.23217],[-76.67614,44.23159],[-76.6742199999999,44.23098],[-76.6704099999999,44.22932],[-76.66865,44.22871],[-76.6669199999999,44.22823],[-76.6650999999999,44.22788],[-76.6629399999999,44.2276200000001],[-76.66072,44.2275500000001],[-76.65811,44.22767],[-76.6541599999999,44.22819],[-76.65241,44.2283],[-76.64917,44.2282000000001],[-76.64418,44.22749],[-76.64125,44.22743],[-76.63965,44.22758],[-76.6366199999999,44.2281800000001],[-76.63525,44.2285900000001],[-76.63379,44.2292100000001],[-76.63257,44.22986],[-76.63112,44.23082],[-76.63019,44.23159],[-76.62628,44.236],[-76.62508,44.23717],[-76.62371,44.2382400000001],[-76.62216,44.23925],[-76.6204999999999,44.24012],[-76.61868,44.2408800000001],[-76.61705,44.24141],[-76.6146199999999,44.24203],[-76.61281,44.2423600000001],[-76.6096899999999,44.2426300000001],[-76.6078,44.24264],[-76.60588,44.2425000000001],[-76.60409,44.2422500000001],[-76.6020599999999,44.2418200000001],[-76.59099,44.23852],[-76.58905,44.2380600000001],[-76.5875,44.23782],[-76.58426,44.2376],[-76.5814,44.2377000000001],[-76.5796999999999,44.23791],[-76.57802,44.2382200000001],[-76.57026,44.2401800000001],[-76.56855,44.24051],[-76.5645499999999,44.24107],[-76.5623799999999,44.24154],[-76.56046,44.24213],[-76.55873,44.2428],[-76.55762,44.2433300000001],[-76.55531,44.2447100000001],[-76.55409,44.24563],[-76.5530199999999,44.2465700000001],[-76.5519199999999,44.2477300000001],[-76.5510199999999,44.2485500000001],[-76.5499799999999,44.24935],[-76.54833,44.2504200000001],[-76.5366087529999,44.256990715]]},"properties":{"OBJECTID":6,"Route":"Toronto - Ottawa","ORIG_FID":1,"ORIG_SEQ":8,"Segment_Length":36.756981945802472,"Shape__Length":51242.428052974472}},{"type":"Feature","id":7,"geometry":{"type":"LineString","coordinates":[[-77.598806688,44.115253393],[-77.59675,44.1173600000001],[-77.59534,44.1185600000001],[-77.5937499999999,44.1197000000001],[-77.5782,44.1292300000001],[-77.57687,44.1299500000001],[-77.5740499999999,44.1311700000001],[-77.57228,44.13174],[-77.5702899999999,44.1322400000001],[-77.5683799999999,44.1325900000001],[-77.53023,44.1380600000001],[-77.52744,44.13856],[-77.52363,44.1394500000001],[-77.39014,44.1735800000001],[-77.38769,44.17438],[-77.3745499999999,44.17961]]},"properties":{"OBJECTID":7,"Route":"Toronto - Ottawa","ORIG_FID":1,"ORIG_SEQ":6,"Segment_Length":19.563794723046634,"Shape__Length":27235.58696463679}},{"type":"Feature","id":8,"geometry":{"type":"LineString","coordinates":[[-77.3745499999999,44.17961],[-77.37113,44.1806800000001],[-77.36733,44.1816600000001],[-77.27705,44.20372],[-77.27537,44.20405],[-77.2736399999999,44.20428],[-77.27188,44.20442],[-77.26901,44.2044300000001],[-77.24636,44.20284],[-77.2444199999999,44.2028700000001],[-77.2425699999999,44.2030400000001],[-77.24001,44.20343],[-77.112,44.22648],[-77.1095999999999,44.2268],[-77.1071499999999,44.2269200000001],[-77.1045,44.2267600000001],[-77.08428,44.2248700000001],[-77.08005,44.22454],[-77.07647,44.2245],[-77.07248,44.2247200000001],[-77.05753,44.22673],[-77.0551,44.22711],[-77.0531799999999,44.2275700000001],[-77.0510599999999,44.2282700000001],[-77.02502,44.2376100000001],[-77.0219299999999,44.23853],[-76.99127,44.24659],[-76.98785,44.24742],[-76.98346,44.2482800000001],[-76.95765,44.25316],[-76.95571,44.2535100000001],[-76.9542619819999,44.2536498090001]]},"properties":{"OBJECTID":8,"Route":"Toronto - Ottawa","ORIG_FID":1,"ORIG_SEQ":7,"Segment_Length":34.972522851224667,"Shape__Length":48729.527906787771}},{"type":"Feature","id":9,"geometry":{"type":"LineString","coordinates":[[-76.5366087529999,44.256990715],[-76.52357,44.2643],[-76.5218,44.2650800000001],[-76.52037,44.2655300000001],[-76.51902,44.26581],[-76.51753,44.26599],[-76.51578,44.26603],[-76.51381,44.2658700000001],[-76.51196,44.26549],[-76.5106,44.2651000000001],[-76.49803,44.2607600000001],[-76.4971,44.26036],[-76.49441,44.25883],[-76.49344,44.25838],[-76.49235,44.25798],[-76.4911,44.25766],[-76.48977,44.25744],[-76.4883399999999,44.2573600000001],[-76.48684,44.2573800000001],[-76.48554,44.25755],[-76.4843299999999,44.25784],[-76.4830499999999,44.25825],[-76.48197,44.25872],[-76.48079,44.25942],[-76.47971,44.26027],[-76.47883,44.26119],[-76.47674,44.2642200000001],[-76.4763799999999,44.26489],[-76.4759299999999,44.2663900000001],[-76.47588,44.2676200000001],[-76.4760899999999,44.2698500000001],[-76.4759799999999,44.2706600000001],[-76.47578,44.2714300000001],[-76.47547,44.2721800000001],[-76.47453,44.2735900000001],[-76.4738,44.27435],[-76.4713799999999,44.27648],[-76.47034,44.27754],[-76.46771,44.2810000000001],[-76.46678,44.28198],[-76.46577,44.28286],[-76.46449,44.2837700000001],[-76.46306,44.2846000000001],[-76.4613899999999,44.2854100000001],[-76.44953,44.29058],[-76.44814,44.29105],[-76.4456199999999,44.2916000000001],[-76.43809,44.2921400000001],[-76.43556,44.29247],[-76.43417,44.2927700000001],[-76.4319399999999,44.2934000000001],[-76.43049,44.29393],[-76.4291499999999,44.2944900000001],[-76.38596,44.31476],[-76.3843699999999,44.3154400000001],[-76.38145,44.31638],[-76.37814,44.3170500000001],[-76.33591,44.3240700000001],[-76.33412,44.32444],[-76.33243,44.3249200000001],[-76.25944,44.34952],[-76.2569799999999,44.3502500000001],[-76.2542,44.3509300000001],[-76.2519,44.35139],[-76.23594,44.3541300000001],[-76.22284,44.3558],[-76.21996,44.3563300000001],[-76.20897,44.35862],[-76.2061399999999,44.35893],[-76.20481,44.35898],[-76.1990699999999,44.3589200000001],[-76.19611,44.3590100000001],[-76.1933,44.3592200000001],[-76.1827499999999,44.3602900000001],[-76.1801599999999,44.3606800000001],[-76.17726,44.3614200000001],[-76.1756799999999,44.36199],[-76.1727299999999,44.3633300000001],[-76.16925,44.36553],[-76.16739,44.3665],[-76.16484,44.36738],[-76.1635199999999,44.36769],[-76.1537299999999,44.36881]]},"properties":{"OBJECTID":9,"Route":"Toronto - Ottawa","ORIG_FID":1,"ORIG_SEQ":9,"Segment_Length":35.069701198134496,"Shape__Length":48970.152644466507}},{"type":"Feature","id":10,"geometry":{"type":"LineString","coordinates":[[-75.736717363,45.299310174],[-75.704,45.3420100000001],[-75.70331,45.3427800000001],[-75.70249,45.34341],[-75.69654,45.3462500000001],[-75.69585,45.34673],[-75.69525,45.3472800000001],[-75.6929499999999,45.35029],[-75.69194,45.35146],[-75.68391,45.35954],[-75.68188,45.3620100000001],[-75.6808499999999,45.3639200000001],[-75.67999,45.3667600000001],[-75.67985,45.3685100000001],[-75.6799,45.36956],[-75.6808499999999,45.37514],[-75.6808599999999,45.3767],[-75.68056,45.37798],[-75.67966,45.3800400000001],[-75.67868,45.38174],[-75.6770999999999,45.38372],[-75.67192,45.3886200000001],[-75.67063,45.39009],[-75.66979,45.39126],[-75.66898,45.3927900000001],[-75.66741,45.39646],[-75.662,45.40666],[-75.66105,45.4085900000001],[-75.6604799999999,45.4103700000001],[-75.66,45.41341],[-75.6598499999999,45.41387],[-75.65946,45.41438],[-75.6588399999999,45.4148500000001],[-75.6578,45.41524],[-75.65150986,45.415988826],[-75.6514999999999,45.4159900000001]]},"properties":{"OBJECTID":10,"Route":"Toronto - Ottawa","ORIG_FID":1,"ORIG_SEQ":13,"Segment_Length":15.136509026022431,"Shape__Length":21560.317348155608}},{"type":"Feature","id":11,"geometry":{"type":"LineString","coordinates":[[-76.1537299999999,44.36881],[-76.09094,44.37564],[-76.0875599999999,44.3761000000001],[-76.0842699999999,44.37674],[-76.08088,44.37762],[-76.0778999999999,44.37859],[-76.0327599999999,44.3953900000001],[-76.0300999999999,44.39649],[-76.0277399999999,44.3976200000001],[-75.97718,44.42731],[-75.9703,44.4321800000001],[-75.96653,44.43512],[-75.9652399999999,44.43598],[-75.9573599999999,44.44019],[-75.95107,44.44246],[-75.94461,44.44509],[-75.9424999999999,44.4461000000001],[-75.94134,44.4469100000001],[-75.93881,44.4490200000001],[-75.9381,44.44949],[-75.93704,44.45003],[-75.9206799999999,44.45703],[-75.90505,44.4647400000001],[-75.9011599999999,44.4668100000001],[-75.89834,44.4686800000001],[-75.89577,44.47067],[-75.8872,44.47837],[-75.86786,44.49539],[-75.86553,44.49724],[-75.85873,44.5023100000001],[-75.8571699999999,44.5036200000001],[-75.84883,44.51202],[-75.8471699999999,44.51334],[-75.83482,44.52124],[-75.8239799999999,44.52914],[-75.82152,44.53106],[-75.80418,44.54569],[-75.80225,44.5470300000001],[-75.79639,44.5500900000001],[-75.79471,44.5514600000001],[-75.78658,44.5592800000001],[-75.782,44.5624700000001],[-75.77912,44.56422],[-75.7758499999999,44.56573],[-75.7705799999999,44.5673100000001],[-75.7499299999999,44.57304],[-75.74031,44.5762300000001],[-75.7366199999999,44.57755],[-75.73139,44.57881],[-75.7264,44.5806400000001],[-75.7186599999999,44.58363],[-75.71239,44.5853500000001],[-75.70374,44.58691],[-75.69989,44.5884],[-75.69679,44.5897800000001],[-75.69270804,44.5921042890001]]},"properties":{"OBJECTID":11,"Route":"Toronto - Ottawa","ORIG_FID":1,"ORIG_SEQ":10,"Segment_Length":45.558559612592916,"Shape__Length":63811.8466159164}},{"type":"Feature","id":12,"geometry":{"type":"LineString","coordinates":[[-76.024018586,44.9124575810001],[-76.02402,44.9124600000001],[-76.02441,44.9136100000001],[-76.0248099999999,44.91551],[-76.02687,44.9295500000001],[-76.02681,44.93215],[-76.02619,44.9346200000001],[-76.02486,44.93724],[-76.02228,44.94028],[-75.9293499999999,45.0348700000001],[-75.92873,45.0356],[-75.90299,45.0766100000001],[-75.9014999999999,45.07888],[-75.84013,45.15691],[-75.8391999999999,45.15835],[-75.8299299999999,45.1760200000001],[-75.80857,45.21104],[-75.8077499999999,45.21274],[-75.79831,45.2429300000001],[-75.79733,45.2450400000001],[-75.7960199999999,45.2466900000001],[-75.7946499999999,45.24793],[-75.79272,45.2491700000001],[-75.76078,45.26827],[-75.7597499999999,45.2692500000001],[-75.736717363,45.299310174]]},"properties":{"OBJECTID":12,"Route":"Toronto - Ottawa","ORIG_FID":1,"ORIG_SEQ":12,"Segment_Length":49.487328621334058,"Shape__Length":70177.7321950238}},{"type":"Feature","id":14,"geometry":{"type":"LineString","coordinates":[[-75.69270804,44.5921042890001],[-75.6897299999999,44.5938],[-75.6890299999999,44.5944700000001],[-75.68872,44.5950500000001],[-75.6886399999999,44.59578],[-75.68882,44.59639],[-75.69053,44.59898],[-75.69142,44.60092],[-75.6928,44.6051],[-75.6945899999999,44.60874],[-75.70413,44.62573],[-75.71074,44.6359400000001],[-75.71775,44.64412],[-75.74046,44.66632],[-75.74544,44.67062],[-75.75004,44.6741400000001],[-75.75434,44.6771400000001],[-75.75876,44.67997],[-75.77986,44.6922000000001],[-75.7817699999999,44.6935500000001],[-75.7837299999999,44.69523],[-75.7881399999999,44.69991],[-75.78995,44.7017100000001],[-75.79148,44.7029600000001],[-75.7934299999999,44.7043],[-75.79709,44.7065700000001],[-75.79881,44.70795],[-75.80046,44.7096300000001],[-75.80154,44.7111100000001],[-75.8031799999999,44.7141],[-75.8167499999999,44.7403],[-75.8197699999999,44.7459400000001],[-75.82127,44.74816],[-75.8241599999999,44.75161],[-75.82712,44.7544100000001],[-75.83037,44.7569500000001],[-75.84074,44.76369],[-75.8799299999999,44.78878],[-75.9069499999999,44.81016],[-75.91209,44.81415],[-75.94577,44.84202],[-75.94873,44.84421],[-75.9526099999999,44.84657],[-75.96867,44.8548900000001],[-75.9716999999999,44.85666],[-75.9755499999999,44.85934],[-76.00172,44.8807400000001],[-76.00348,44.8828],[-76.00467,44.8854900000001],[-76.0049699999999,44.88791],[-76.00452,44.89034],[-76.00339,44.89313],[-76.00309,44.8942700000001],[-76.0031299999999,44.8953500000001],[-76.00341,44.89626],[-76.004,44.89723],[-76.00488,44.8981200000001],[-76.00598,44.89885],[-76.0073599999999,44.89944],[-76.0118199999999,44.9009800000001],[-76.0126099999999,44.9013800000001],[-76.0133299999999,44.90191],[-76.0138899999999,44.9025300000001],[-76.01469,44.9040900000001],[-76.01514,44.9046200000001],[-76.01584,44.90513],[-76.01912,44.90697],[-76.02014,44.9077800000001],[-76.02252,44.9100500000001],[-76.02295,44.91063],[-76.024018586,44.9124575810001]]},"properties":{"OBJECTID":14,"Route":"Toronto - Ottawa","ORIG_FID":1,"ORIG_SEQ":11,"Segment_Length":45.751635776337153,"Shape__Length":64458.032718159906}},{"type":"Feature","id":15,"geometry":{"type":"LineString","coordinates":[[-75.6514999999999,45.4159900000001],[-75.64667,45.4161700000001],[-75.64151,45.41655],[-75.63953,45.41652],[-75.63786,45.4163300000001],[-75.63519,45.41591],[-75.6324099999999,45.41535],[-75.62384,45.41321],[-75.61912,45.4121900000001],[-75.61554,45.4116900000001],[-75.61063,45.41126],[-75.60936,45.4109700000001],[-75.60813,45.41054],[-75.60705,45.41002],[-75.6059299999999,45.4092700000001],[-75.60499,45.40831],[-75.6040599999999,45.4068300000001],[-75.59894,45.3960500000001],[-75.59746,45.3933200000001],[-75.5959,45.3918400000001],[-75.59334,45.3906000000001],[-75.5898999999999,45.38966],[-75.3927899999999,45.35871],[-75.30661,45.3450700000001],[-75.14176,45.31872],[-75.1392999999999,45.31838],[-75.13751,45.3182600000001],[-75.10222,45.31764],[-75.09986,45.31748],[-75.0982999999999,45.3171800000001],[-75.09649,45.3165900000001],[-75.0871999999999,45.3122900000001],[-75.0871966679999,45.3122884440001]]},"properties":{"OBJECTID":15,"Route":"Ottawa - Quebec","ORIG_FID":2,"ORIG_SEQ":1,"Segment_Length":46.790178821155457,"Shape__Length":66495.809265552452}},{"type":"Feature","id":16,"geometry":{"type":"LineString","coordinates":[[-75.0871966679999,45.3122884440001],[-74.973,45.2589800000001],[-74.97003,45.2578100000001],[-74.95802,45.25386],[-74.9559599999999,45.2532400000001],[-74.95428,45.25291],[-74.9527899999999,45.2527900000001],[-74.95132,45.2528100000001],[-74.9493899999999,45.25305],[-74.8844,45.26779],[-74.88165,45.2689300000001],[-74.87769,45.2717400000001],[-74.8602999999999,45.28468],[-74.84819,45.29245],[-74.84559,45.29391],[-74.8288899999999,45.3012200000001],[-74.82695,45.30168],[-74.82524,45.3018700000001],[-74.8238699999999,45.3018900000001],[-74.82246,45.30179],[-74.7987199999999,45.2993100000001],[-74.79599,45.2989900000001],[-74.7800799999999,45.2961500000001],[-74.7785,45.2960900000001],[-74.77703,45.2961700000001],[-74.7755799999999,45.2964000000001],[-74.7739099999999,45.29684],[-74.76984,45.2985],[-74.7678799999999,45.2990500000001],[-74.76689,45.2992100000001],[-74.7645899999999,45.29938],[-74.7568899999999,45.29875],[-74.7547,45.29877],[-74.75069,45.2991700000001],[-74.74719,45.2999800000001],[-74.7358,45.30373],[-74.71638,45.3133800000001],[-74.7146,45.31417],[-74.7126699999999,45.31476],[-74.7105099999999,45.3151100000001],[-74.6905199999999,45.3145500000001],[-74.68677,45.3153],[-74.68316,45.31715],[-74.67979,45.31845],[-74.67635,45.31886],[-74.639671994,45.3180502650001]]},"properties":{"OBJECTID":16,"Route":"Ottawa - Quebec","ORIG_FID":2,"ORIG_SEQ":2,"Segment_Length":39.471629876498753,"Shape__Length":56047.941187518431}},{"type":"Feature","id":17,"geometry":{"type":"LineString","coordinates":[[-74.639671994,45.3180502650001],[-74.6396599999999,45.31805],[-74.6224799999999,45.31651],[-74.62003,45.3165700000001],[-74.61799,45.3168900000001],[-74.6153399999999,45.31778],[-74.49553,45.3637400000001],[-74.47597,45.3728400000001],[-74.47343,45.3734600000001],[-74.47103,45.37361],[-74.4689499999999,45.37343],[-74.46699,45.37303],[-74.46516,45.3723600000001],[-74.46137,45.3704700000001],[-74.4584399999999,45.3696400000001],[-74.4493899999999,45.3683800000001],[-74.44668,45.36771],[-74.4401,45.3652200000001],[-74.43726,45.3637400000001],[-74.4349999999999,45.36208],[-74.43154,45.35909],[-74.4296199999999,45.3577500000001],[-74.4274599999999,45.3566700000001],[-74.4253199999999,45.3559000000001],[-74.4234299999999,45.3554300000001],[-74.4091999999999,45.35321],[-74.36341,45.342],[-74.36216,45.34164],[-74.3597799999999,45.3407700000001],[-74.35761,45.33973],[-74.24621,45.27482],[-74.2448199999999,45.2740400000001],[-74.2438799999999,45.2736100000001],[-74.2420499999999,45.27304],[-74.2396199999999,45.2725100000001],[-74.23837,45.27252],[-74.23713,45.2728900000001],[-74.23295,45.2748700000001],[-74.232921943,45.274883918]]},"properties":{"OBJECTID":17,"Route":"Ottawa - Quebec","ORIG_FID":2,"ORIG_SEQ":3,"Segment_Length":37.202520991817813,"Shape__Length":52876.72047620199}},{"type":"Feature","id":18,"geometry":{"type":"LineString","coordinates":[[-73.5661786159999,45.499919361],[-73.56618,45.49992],[-73.55756,45.4959400000001],[-73.55662,45.4953],[-73.55608,45.4944600000001],[-73.55593,45.49381],[-73.55609,45.4918900000001],[-73.55659,45.48812],[-73.55648,45.48704],[-73.5561299999999,45.4863500000001],[-73.5558,45.48598],[-73.5550499999999,45.48548],[-73.55387,45.4850900000001],[-73.5523699999999,45.48503],[-73.5513999999999,45.48517],[-73.5411599999999,45.48765],[-73.50746,45.4990500000001],[-73.507451208,45.499052868]]},"properties":{"OBJECTID":18,"Route":"Ottawa - Quebec","ORIG_FID":2,"ORIG_SEQ":6,"Segment_Length":6.1169981581603308,"Shape__Length":8720.5971728124969}},{"type":"Feature","id":19,"geometry":{"type":"LineString","coordinates":[[-74.232921943,45.274883918],[-74.20505,45.28871],[-74.2027899999999,45.2899400000001],[-74.20045,45.2915300000001],[-74.19667,45.29452],[-74.19409,45.29625],[-74.19154,45.29771],[-74.1859499999999,45.3002900000001],[-74.1785199999999,45.3031300000001],[-74.1754299999999,45.3045000000001],[-74.1657,45.3101],[-74.06449,45.35983],[-74.05241,45.3644600000001],[-74.04275,45.3692800000001],[-74.0400099999999,45.3708],[-74.0350099999999,45.3741],[-74.03271,45.37548],[-74.01597,45.38374],[-74.01275,45.3849700000001],[-74.0099,45.3857100000001],[-74.0053799999999,45.38633],[-73.9909499999999,45.3870600000001],[-73.98743,45.3875100000001],[-73.98351,45.3881900000001],[-73.9795999999999,45.38915],[-73.9756399999999,45.3904600000001],[-73.97229,45.39183],[-73.9697199999999,45.3930800000001],[-73.966,45.39523],[-73.96313,45.39727],[-73.9609399999999,45.39908],[-73.9554199999999,45.4045],[-73.9542499999999,45.40556],[-73.95327,45.40626],[-73.95168,45.40714],[-73.95052,45.4076000000001],[-73.9466899999999,45.40855],[-73.94462,45.4091500000001],[-73.90421,45.4237],[-73.90091,45.42467],[-73.8969499999999,45.4255900000001],[-73.86308,45.43096],[-73.8604999999999,45.4314000000001],[-73.85723,45.4321],[-73.8183299999999,45.4425600000001],[-73.81371,45.4438400000001],[-73.8027099999999,45.44719],[-73.79938,45.4481000000001],[-73.79633,45.4487700000001],[-73.7911799999999,45.4494700000001],[-73.78804,45.44969],[-73.7848299999999,45.44976],[-73.74127987,45.4489267700001]]},"properties":{"OBJECTID":19,"Route":"Ottawa - Quebec","ORIG_FID":2,"ORIG_SEQ":4,"Segment_Length":44.237301993496686,"Shape__Length":62921.2023572357}},{"type":"Feature","id":20,"geometry":{"type":"LineString","coordinates":[[-73.74127987,45.4489267700001],[-73.73779,45.44886],[-73.73389,45.44894],[-73.70348,45.4483500000001],[-73.69742,45.44863],[-73.6952699999999,45.4485500000001],[-73.6849999999999,45.4478700000001],[-73.64992,45.4471300000001],[-73.64658,45.4472300000001],[-73.64393,45.44759],[-73.64162,45.44807],[-73.63731,45.44955],[-73.63429,45.4510100000001],[-73.631,45.4528800000001],[-73.6236299999999,45.45782],[-73.61904,45.4604800000001],[-73.60284,45.46723],[-73.59428,45.4718100000001],[-73.58644,45.4765600000001],[-73.58557,45.4768700000001],[-73.5845899999999,45.47707],[-73.5808699999999,45.4768700000001],[-73.57909,45.4766000000001],[-73.5757399999999,45.4757000000001],[-73.5744299999999,45.4755200000001],[-73.57242,45.4754500000001],[-73.57003,45.4756600000001],[-73.56745,45.47628],[-73.5655199999999,45.4771700000001],[-73.5595299999999,45.48141],[-73.5583599999999,45.48195],[-73.55767,45.4823700000001],[-73.55697,45.4830400000001],[-73.55628,45.48404],[-73.55601,45.48456],[-73.55592,45.4852100000001],[-73.55605,45.48585],[-73.55661,45.48713],[-73.55668,45.4876100000001],[-73.5566699999999,45.48814],[-73.55609,45.4918900000001],[-73.55593,45.49346],[-73.55593,45.49381],[-73.55599,45.49415],[-73.55608,45.4944600000001],[-73.5562199999999,45.49476],[-73.55662,45.4953],[-73.5571899999999,45.49575],[-73.55756,45.4959400000001],[-73.5661786159999,45.499919361]]},"properties":{"OBJECTID":20,"Route":"Ottawa - Quebec","ORIG_FID":2,"ORIG_SEQ":5,"Segment_Length":18.151757424428695,"Shape__Length":25855.678901022671}},{"type":"Feature","id":21,"geometry":{"type":"LineString","coordinates":[[-73.507451208,45.499052868],[-73.49716,45.5024100000001],[-73.49269,45.50363],[-73.48761,45.50447],[-73.43209,45.5082200000001],[-73.33849,45.51435],[-73.33707,45.51448],[-73.33455,45.51486],[-73.3322699999999,45.51541],[-73.2254399999999,45.5472800000001],[-73.22307,45.54774],[-73.2203,45.54805],[-73.21851,45.54812],[-73.20735,45.54808],[-73.20627,45.5482000000001],[-73.20503,45.5485600000001],[-73.20393,45.5491900000001],[-73.20334,45.5497300000001],[-73.2030099999999,45.55015],[-73.1876599999999,45.5728500000001],[-73.1865099999999,45.57408],[-73.18503,45.5751300000001],[-73.1831099999999,45.5760300000001],[-73.17939,45.5769900000001],[-72.9489318619999,45.6277095900001]]},"properties":{"OBJECTID":21,"Route":"Ottawa - Quebec","ORIG_FID":2,"ORIG_SEQ":7,"Segment_Length":47.246499988133721,"Shape__Length":67388.786138400232}},{"type":"Feature","id":22,"geometry":{"type":"LineString","coordinates":[[-72.9489318619999,45.6277095900001],[-72.94893,45.62771],[-72.8928999999999,45.6401700000001],[-72.88983,45.64111],[-72.85247,45.6546200000001],[-72.85005,45.6556200000001],[-72.84813,45.6567600000001],[-72.8464999999999,45.6580700000001],[-72.84523,45.65954],[-72.83852,45.6692600000001],[-72.8354399999999,45.67325],[-72.83252,45.6755600000001],[-72.81751,45.6854500000001],[-72.81505,45.6866400000001],[-72.81265,45.68752],[-72.8095299999999,45.6882900000001],[-72.78441,45.69318],[-72.78246,45.6937],[-72.78061,45.69451],[-72.77861,45.69582],[-72.67716,45.7657],[-72.6743299999999,45.7675100000001],[-72.57962,45.8162400000001],[-72.57757,45.81739],[-72.57573,45.8187],[-72.5504799999999,45.8403200000001],[-72.54778,45.8424600000001],[-72.5454099999999,45.8438],[-72.54252,45.84502],[-72.52367,45.85168],[-72.52199,45.8524400000001],[-72.52019,45.8534300000001],[-72.51804,45.8549300000001],[-72.49117,45.8784900000001],[-72.4900299999999,45.87969],[-72.487914212,45.882438092]]},"properties":{"OBJECTID":22,"Route":"Ottawa - Quebec","ORIG_FID":2,"ORIG_SEQ":8,"Segment_Length":46.75820755448823,"Shape__Length":66974.554360825088}},{"type":"Feature","id":23,"geometry":{"type":"LineString","coordinates":[[-72.487914212,45.882438092],[-72.48742,45.8830800000001],[-72.48678,45.88374],[-72.48578,45.8845600000001],[-72.48121,45.8875100000001],[-72.47754,45.8896800000001],[-72.47299,45.8929800000001],[-72.46998,45.8955],[-72.4689099999999,45.8963000000001],[-72.46816,45.8967000000001],[-72.4634799999999,45.8987100000001],[-72.46173,45.89973],[-72.43846,45.9190400000001],[-72.4251199999999,45.9298700000001],[-72.42342,45.9310800000001],[-72.39538,45.9469300000001],[-72.39385,45.9478700000001],[-72.39284,45.94865],[-72.3916599999999,45.9496500000001],[-72.39054,45.9508700000001],[-72.3899299999999,45.9520000000001],[-72.38949,45.95331],[-72.3894299999999,45.95471],[-72.3897499999999,45.9560900000001],[-72.39484,45.9664500000001],[-72.4054399999999,45.98758],[-72.40621,45.98936],[-72.4064999999999,45.9907900000001],[-72.40658,45.99204],[-72.40736,46.0224200000001],[-72.40725,46.02351],[-72.40692,46.0246100000001],[-72.40651,46.0255000000001],[-72.40579,46.0264100000001],[-72.39912,46.0330200000001],[-72.39791,46.0344000000001],[-72.39723,46.0356600000001],[-72.39683,46.0371300000001],[-72.39679,46.03862],[-72.40019,46.07273],[-72.4002399999999,46.0739100000001],[-72.40012,46.07491],[-72.3997899999999,46.0759200000001],[-72.39931,46.07685],[-72.3982999999999,46.07813],[-72.39696,46.0793600000001],[-72.3774299999999,46.0958900000001],[-72.37585,46.09756],[-72.37467,46.0992000000001],[-72.3696399999999,46.10708],[-72.36914,46.10776],[-72.36841,46.10848],[-72.36735,46.10932],[-72.35131,46.1207900000001],[-72.35022,46.1214600000001],[-72.27976,46.1533000000001],[-72.17904,46.19401],[-72.17747,46.1947200000001],[-72.15813,46.20529],[-72.1387,46.21329],[-72.13812,46.2136300000001],[-72.13756,46.2142000000001],[-72.1372699999999,46.2147600000001],[-72.13714,46.21554],[-72.1320699999999,46.27007],[-72.13188,46.2706600000001],[-72.13154,46.27124],[-72.11448,46.29551],[-72.11375,46.29641],[-72.11315,46.29692],[-72.1123899999999,46.29738],[-72.1108199999999,46.2979800000001],[-72.0173399999999,46.33122],[-72.01566,46.3320000000001],[-72.0097299999999,46.3356900000001],[-72.00864,46.3366600000001],[-72.0081299999999,46.33766],[-72.008,46.3385900000001],[-72.00783,46.3635800000001],[-72.00753,46.36526],[-72.0067999999999,46.3667800000001],[-72.0056499999999,46.3681300000001],[-72.00411,46.36931],[-72.0006099999999,46.37147],[-71.99882,46.3722500000001],[-71.99717,46.37262],[-71.8772499999999,46.38982],[-71.76877,46.40522],[-71.7657399999999,46.4057300000001],[-71.76363,46.40646],[-71.76217,46.4072200000001],[-71.69042,46.45428],[-71.68791,46.45608],[-71.68638,46.45755],[-71.6857899999999,46.4582],[-71.6848199999999,46.4595400000001],[-71.63708,46.53666],[-71.6366399999999,46.5372600000001],[-71.63566,46.5382000000001],[-71.6340299999999,46.5392800000001],[-71.6323599999999,46.5400700000001],[-71.60414,46.5500200000001],[-71.60059,46.55134],[-71.5979,46.5527300000001],[-71.59529,46.55455],[-71.50793,46.61906],[-71.50607,46.6202400000001],[-71.5039199999999,46.62111],[-71.44879,46.6401200000001],[-71.42808,46.6492200000001],[-71.42615,46.6499400000001],[-71.42412,46.6505500000001],[-71.4100999999999,46.65403],[-71.4084099999999,46.6545300000001],[-71.33401,46.68077],[-71.3315499999999,46.6818500000001],[-71.30545,46.69478],[-71.3029099999999,46.69579],[-71.29054,46.6989800000001],[-71.28892,46.69953],[-71.27799,46.7052600000001],[-71.27617,46.70649],[-71.27503,46.7076200000001],[-71.2706357549999,46.7135633500001]]},"properties":{"OBJECTID":23,"Route":"Ottawa - Quebec","ORIG_FID":2,"ORIG_SEQ":9,"Segment_Length":145.08504554732326,"Shape__Length":210056.8329524326}},{"type":"Feature","id":24,"geometry":{"type":"LineString","coordinates":[[-71.29757395,46.7542312300001],[-71.3269,46.74992],[-71.3348799999999,46.7478200000001],[-71.33563,46.74773],[-71.33635,46.7478],[-71.33679,46.74794],[-71.33735,46.7483100000001],[-71.3376499999999,46.74875],[-71.3377399999999,46.7493600000001],[-71.33798,46.74981],[-71.33823,46.75003],[-71.34023,46.7512300000001],[-71.34057,46.7516800000001],[-71.34066,46.75197],[-71.34019,46.7598100000001],[-71.3402399999999,46.76138],[-71.34038,46.7623200000001],[-71.34041,46.7632200000001],[-71.34029,46.76439],[-71.3400599999999,46.76509],[-71.33897,46.7665500000001],[-71.3382099999999,46.76817],[-71.33622,46.76975],[-71.33592,46.7700800000001],[-71.33255,46.77599],[-71.3320899999999,46.7765600000001],[-71.33169,46.7769900000001],[-71.3307,46.7777600000001],[-71.3294099999999,46.7785000000001],[-71.32518,46.7802300000001],[-71.32289,46.78101],[-71.31395,46.7833600000001],[-71.3120499999999,46.78369],[-71.3090099999999,46.78405],[-71.30817,46.78427],[-71.30743,46.7845],[-71.30011,46.78752],[-71.29313,46.78952],[-71.2923299999999,46.7898100000001],[-71.29097,46.7905500000001],[-71.29008,46.7912900000001],[-71.28941,46.79211],[-71.28901,46.79315],[-71.2889,46.7938800000001],[-71.28892,46.7944],[-71.2894899999999,46.79636],[-71.28953,46.7972],[-71.2891099999999,46.7984300000001],[-71.28842,46.7993500000001],[-71.28802,46.7997300000001],[-71.26798,46.8141900000001],[-71.24841,46.8319300000001],[-71.24747,46.83257],[-71.2385199999999,46.83747],[-71.23772,46.83775],[-71.23697,46.8379000000001],[-71.2355699999999,46.8379400000001],[-71.23421,46.83768],[-71.2333399999999,46.8373300000001],[-71.23268,46.83691],[-71.22815,46.83234],[-71.2180499999999,46.8236200000001],[-71.21529,46.82061],[-71.21461074,46.8185722200001],[-71.2146099999999,46.8185700000001]]},"properties":{"OBJECTID":24,"Route":"Ottawa - Quebec","ORIG_FID":2,"ORIG_SEQ":11,"Segment_Length":19.818325782828484,"Shape__Length":28940.757297399821}},{"type":"Feature","id":25,"geometry":{"type":"LineString","coordinates":[[-71.2706357549999,46.7135633500001],[-71.2693,46.7153700000001],[-71.26908,46.7160200000001],[-71.2691399999999,46.7165],[-71.2693599999999,46.7169500000001],[-71.27345,46.72112],[-71.27507,46.72337],[-71.27725,46.7277],[-71.28347,46.7381500000001],[-71.28561,46.7415700000001],[-71.29223,46.7526],[-71.2928899999999,46.7534],[-71.29355,46.75388],[-71.2945,46.7542500000001],[-71.29549,46.7544100000001],[-71.2966299999999,46.7543700000001],[-71.29757395,46.7542312300001]]},"properties":{"OBJECTID":25,"Route":"Ottawa - Quebec","ORIG_FID":2,"ORIG_SEQ":10,"Segment_Length":5.2467178152368108,"Shape__Length":7660.6340406883446}},{"type":"Feature","id":28,"geometry":{"type":"LineString","coordinates":[[-78.2990171329999,43.943592176],[-78.29902,43.94359],[-78.29952,43.9430100000001],[-78.30046,43.94237],[-78.30157,43.94172],[-78.3025699999999,43.94129],[-78.30373,43.9409600000001],[-78.3046899999999,43.94077],[-78.30579,43.94068],[-78.3075899999999,43.9407100000001],[-78.3115799999999,43.9409200000001],[-78.31598,43.94129],[-78.32683,43.9423800000001],[-78.3299499999999,43.9428100000001],[-78.35608,43.9469700000001],[-78.35842,43.9473100000001],[-78.36076,43.9475400000001],[-78.36312,43.94766],[-78.36608,43.94768],[-78.3688799999999,43.94755],[-78.3734699999999,43.9470700000001],[-78.37613,43.9466100000001],[-78.3788499999999,43.94595],[-78.3829699999999,43.94469],[-78.3858099999999,43.9436200000001],[-78.38805,43.9425600000001],[-78.39104,43.9409400000001],[-78.40675,43.93145],[-78.40811,43.93075],[-78.40957,43.93012],[-78.4115,43.92945],[-78.42877,43.92373],[-78.43152,43.92303],[-78.4333,43.92274],[-78.4349099999999,43.9225500000001],[-78.4475199999999,43.92164],[-78.45163,43.9210400000001],[-78.45354,43.92058],[-78.4573799999999,43.91936],[-78.4734099999999,43.91339],[-78.47731,43.9122600000001],[-78.4858399999999,43.9102300000001],[-78.48855,43.90952],[-78.4911099999999,43.90869],[-78.5046599999999,43.9039900000001],[-78.50829,43.90302],[-78.51055,43.90254],[-78.51271,43.90216],[-78.53855,43.89883],[-78.5401599999999,43.89864],[-78.54373,43.8985700000001],[-78.54715,43.8989],[-78.55009,43.8995200000001],[-78.55278,43.9004100000001],[-78.56238,43.90403],[-78.56459,43.9047800000001],[-78.5676699999999,43.9055200000001],[-78.5702699999999,43.90589],[-78.58045,43.9071000000001],[-78.58392,43.9073700000001],[-78.58642,43.90736],[-78.58951,43.90707],[-78.61583,43.90353],[-78.6205199999999,43.9028000000001],[-78.62539,43.9016100000001],[-78.6275699999999,43.9009500000001],[-78.62958,43.90024],[-78.6311699999999,43.8996100000001],[-78.63663,43.89709],[-78.63964,43.89597],[-78.6412,43.8955500000001],[-78.64413,43.89502],[-78.64676,43.8948],[-78.64843,43.89478],[-78.6503299999999,43.89487],[-78.65973,43.8959400000001],[-78.66318,43.89617],[-78.6672399999999,43.8961800000001],[-78.67848,43.89588],[-78.67999,43.89576],[-78.68258,43.8952800000001],[-78.6840099999999,43.89484],[-78.68614,43.8939300000001],[-78.6874099999999,43.8931900000001],[-78.71126,43.87764],[-78.71356,43.87643],[-78.71603,43.87543],[-78.7171999999999,43.87508],[-78.7204,43.8743400000001],[-78.72239,43.8740700000001],[-78.74313,43.8717300000001],[-78.74619,43.87156],[-78.7496,43.8717300000001],[-78.75158,43.87201],[-78.75372,43.8724700000001],[-78.76718,43.87573],[-78.76857,43.876],[-78.77134,43.87634],[-78.77382,43.8764100000001],[-78.77532,43.87636],[-78.7911599999999,43.87472],[-78.79355,43.8748800000001],[-78.79691,43.8755400000001],[-78.79893,43.8761400000001],[-78.80177,43.8772900000001],[-78.80418,43.87859],[-78.80846,43.8813900000001],[-78.80958,43.8820000000001],[-78.81118,43.88273],[-78.8126099999999,43.8832800000001],[-78.8144399999999,43.8838400000001],[-78.8160799999999,43.8842300000001],[-78.81786,43.8845400000001],[-78.82109,43.8848200000001],[-78.8228099999999,43.8848100000001],[-78.82471,43.8847000000001],[-78.82667,43.88446],[-78.8573299999999,43.87908],[-78.8604,43.87852],[-78.86353,43.8778300000001],[-78.86583,43.87714],[-78.884626974,43.8708310160001]]},"properties":{"OBJECTID":28,"Route":"Toronto-Kingston","ORIG_FID":3,"ORIG_SEQ":7,"Segment_Length":50.456925975784323,"Shape__Length":69947.71735979589}},{"type":"Feature","id":29,"geometry":{"type":"LineString","coordinates":[[-78.884626974,43.8708310160001],[-78.88463,43.8708300000001],[-78.90764,43.8629800000001],[-78.91016,43.8623600000001],[-78.9132999999999,43.8619400000001],[-78.91621,43.8618300000001],[-78.9187399999999,43.8619800000001],[-78.95219,43.8663500000001],[-78.95439,43.8665300000001],[-78.9562699999999,43.8665500000001],[-78.95788,43.86647],[-78.96032,43.86618],[-78.96284,43.8656800000001],[-79.05365,43.84527],[-79.05538,43.84472],[-79.05699,43.84407],[-79.1061999999999,43.82129],[-79.1075099999999,43.8205100000001],[-79.1087899999999,43.8195900000001],[-79.10998,43.8186000000001],[-79.1111799999999,43.81739],[-79.1126399999999,43.8155300000001],[-79.11323,43.8145700000001],[-79.11383,43.81334],[-79.1143499999999,43.8118400000001],[-79.11464,43.8105600000001],[-79.11485,43.8086900000001],[-79.11533,43.8018700000001],[-79.1155199999999,43.80019],[-79.1159699999999,43.7984700000001],[-79.11662,43.79692],[-79.1175699999999,43.79531],[-79.1218,43.78948],[-79.12314,43.78778],[-79.13597,43.77403],[-79.13762,43.7724200000001],[-79.1397899999999,43.7706900000001],[-79.1467,43.76638],[-79.14797,43.76579],[-79.14956,43.76522],[-79.1632999999999,43.76172],[-79.1649099999999,43.76138],[-79.18722,43.75708],[-79.1982599999999,43.75482],[-79.198262508,43.75481954]]},"properties":{"OBJECTID":29,"Route":"Toronto-Kingston","ORIG_FID":3,"ORIG_SEQ":8,"Segment_Length":30.695038841491876,"Shape__Length":42518.417464765087}},{"type":"Feature","id":30,"geometry":{"type":"LineString","coordinates":[[-78.17151,43.9677800000001],[-78.1742599999999,43.9667900000001],[-78.1761099999999,43.9659],[-78.18483,43.9609800000001],[-78.1866699999999,43.9600300000001],[-78.18959,43.9588900000001],[-78.19132,43.9584300000001],[-78.19424,43.9579800000001],[-78.19565,43.9579],[-78.19758,43.95793],[-78.20036,43.9581900000001],[-78.2020899999999,43.9582500000001],[-78.20388,43.95817],[-78.23416,43.95401],[-78.23626,43.9538600000001],[-78.25659,43.95415],[-78.25892,43.95412],[-78.26319,43.9538000000001],[-78.26716,43.95325],[-78.27079,43.9525],[-78.2890599999999,43.94768],[-78.2948,43.94609],[-78.29662,43.94528],[-78.29736,43.94485],[-78.2990171329999,43.943592176]]},"properties":{"OBJECTID":30,"Route":"Toronto-Kingston","ORIG_FID":3,"ORIG_SEQ":6,"Segment_Length":10.855280560879223,"Shape__Length":15060.4502616397}},{"type":"Feature","id":31,"geometry":{"type":"LineString","coordinates":[[-79.198262508,43.75481954],[-79.20399,43.75377],[-79.20622,43.7531700000001],[-79.2082,43.7524700000001],[-79.21129,43.75113],[-79.21321,43.75044],[-79.21743,43.7493400000001],[-79.2190199999999,43.74881],[-79.22034,43.7481500000001],[-79.22155,43.7473600000001],[-79.22524,43.7440500000001],[-79.2276899999999,43.74224],[-79.24355,43.73222],[-79.24575,43.7303400000001],[-79.2471399999999,43.7287400000001],[-79.26696,43.69897],[-79.26811,43.6975],[-79.27009,43.69561],[-79.2725399999999,43.69388],[-79.27539,43.69244],[-79.27907,43.69118],[-79.29901,43.68662],[-79.3007899999999,43.6861000000001],[-79.30445,43.68481],[-79.33306,43.67359],[-79.33617,43.67227],[-79.3382099999999,43.67114],[-79.34026,43.6696400000001],[-79.34169,43.6683600000001],[-79.34304,43.66679],[-79.3439699999999,43.66544],[-79.3447399999999,43.6640200000001],[-79.3452,43.6629100000001],[-79.34556,43.6616000000001],[-79.34601,43.65786],[-79.3463199999999,43.65684],[-79.34685,43.6559],[-79.34761,43.6550300000001],[-79.34892,43.6539700000001],[-79.35561,43.6504],[-79.35749,43.6496000000001],[-79.36177,43.6482100000001],[-79.37334,43.64581],[-79.38032,43.6448100000001]]},"properties":{"OBJECTID":31,"Route":"Toronto-Kingston","ORIG_FID":3,"ORIG_SEQ":9,"Segment_Length":20.224994657992124,"Shape__Length":27970.535521567206}},{"type":"Feature","id":32,"geometry":{"type":"LineString","coordinates":[[-76.9542619819999,44.2536498090001],[-76.95571,44.2535100000001],[-76.95765,44.25316],[-76.98346,44.2482800000001],[-76.98785,44.24742],[-76.99127,44.24659],[-77.0219299999999,44.23853],[-77.02502,44.2376100000001],[-77.0510599999999,44.2282700000001],[-77.0531799999999,44.2275700000001],[-77.0551,44.22711],[-77.05753,44.22673],[-77.07248,44.2247200000001],[-77.07647,44.2245],[-77.08005,44.22454],[-77.08428,44.2248700000001],[-77.1045,44.2267600000001],[-77.1071499999999,44.2269200000001],[-77.1095999999999,44.2268],[-77.112,44.22648],[-77.24001,44.20343],[-77.2425699999999,44.2030400000001],[-77.2444199999999,44.2028700000001],[-77.24636,44.20284],[-77.26901,44.2044300000001],[-77.27188,44.20442],[-77.27537,44.20405],[-77.27705,44.20372],[-77.3152499999999,44.1944100000001],[-77.37113,44.1806800000001],[-77.3745499999999,44.17961]]},"properties":{"OBJECTID":32,"Route":"Toronto-Kingston","ORIG_FID":3,"ORIG_SEQ":3,"Segment_Length":34.972299543552758,"Shape__Length":48729.214378821351}},{"type":"Feature","id":33,"geometry":{"type":"LineString","coordinates":[[-77.598806688,44.115253393],[-77.59881,44.1152500000001],[-77.60695,44.10583],[-77.6084099999999,44.10454],[-77.60988,44.1034700000001],[-77.68682,44.0541200000001],[-77.6891199999999,44.0528400000001],[-77.6920499999999,44.05143],[-77.69746,44.04924],[-77.7015899999999,44.04767],[-77.7050199999999,44.04654],[-77.71147,44.04461],[-77.86916,43.99942],[-77.8729999999999,43.9984900000001],[-77.87613,43.99794],[-78.05626,43.9728900000001],[-78.09067,43.9680300000001],[-78.0954399999999,43.96747],[-78.1000099999999,43.9672600000001],[-78.10342,43.9672400000001],[-78.1065,43.96732],[-78.13356,43.9693100000001],[-78.13623,43.9693600000001],[-78.16295,43.9690200000001],[-78.16568,43.9689000000001],[-78.16743,43.9687000000001],[-78.16903,43.9684100000001],[-78.17151,43.9677800000001]]},"properties":{"OBJECTID":33,"Route":"Toronto-Kingston","ORIG_FID":3,"ORIG_SEQ":5,"Segment_Length":50.323242540305657,"Shape__Length":69899.446246898166}},{"type":"Feature","id":34,"geometry":{"type":"LineString","coordinates":[[-77.3745499999999,44.17961],[-77.38769,44.17438],[-77.39014,44.1735800000001],[-77.52363,44.1394500000001],[-77.52744,44.13856],[-77.53023,44.1380600000001],[-77.5683799999999,44.1325900000001],[-77.5702899999999,44.1322400000001],[-77.57228,44.13174],[-77.5740499999999,44.1311700000001],[-77.57687,44.1299500000001],[-77.5782,44.1292300000001],[-77.5937499999999,44.1197000000001],[-77.59534,44.1185600000001],[-77.59675,44.1173600000001],[-77.598806688,44.115253393]]},"properties":{"OBJECTID":34,"Route":"Toronto-Kingston","ORIG_FID":3,"ORIG_SEQ":4,"Segment_Length":19.563794723046637,"Shape__Length":27235.586964636794}},{"type":"Feature","id":35,"geometry":{"type":"LineString","coordinates":[[-76.53662,44.2570200000001],[-76.53662393,44.2570177740001],[-76.5492399999999,44.24987],[-76.5510199999999,44.2485500000001],[-76.5519199999999,44.2477300000001],[-76.5530199999999,44.2465700000001],[-76.55409,44.24563],[-76.55531,44.2447100000001],[-76.55762,44.2433300000001],[-76.55873,44.2428],[-76.56046,44.24213],[-76.5623799999999,44.24154],[-76.5645499999999,44.24107],[-76.56855,44.24051],[-76.57026,44.2401800000001],[-76.57655,44.23857],[-76.5796999999999,44.23791],[-76.5828,44.2376100000001],[-76.586,44.23767],[-76.5875,44.23782],[-76.58905,44.2380600000001],[-76.59099,44.23852],[-76.6020599999999,44.2418200000001],[-76.60409,44.2422500000001],[-76.60588,44.2425000000001],[-76.6078,44.24264],[-76.6096899999999,44.2426300000001],[-76.61281,44.2423600000001],[-76.6146199999999,44.24203],[-76.61705,44.24141],[-76.61868,44.2408800000001],[-76.6204999999999,44.24012],[-76.62216,44.23925],[-76.62371,44.2382400000001],[-76.62508,44.23717],[-76.62628,44.236],[-76.6292799999999,44.2325500000001],[-76.63019,44.23159],[-76.63112,44.23082],[-76.63257,44.22986],[-76.63379,44.2292100000001],[-76.63525,44.2285900000001],[-76.6366199999999,44.2281800000001],[-76.6381,44.2278400000001],[-76.63965,44.22758],[-76.64125,44.22743],[-76.64275,44.22742],[-76.64545,44.22763],[-76.64917,44.2282000000001],[-76.65241,44.2283],[-76.6541599999999,44.22819],[-76.65811,44.22767],[-76.66072,44.2275500000001],[-76.6629399999999,44.2276200000001],[-76.6650999999999,44.22788],[-76.6669199999999,44.22823],[-76.66865,44.22871],[-76.6704099999999,44.22932],[-76.6742199999999,44.23098],[-76.67614,44.23159],[-76.67878,44.23217],[-76.68112,44.2324600000001],[-76.6832699999999,44.2325500000001],[-76.68528,44.23249],[-76.6873899999999,44.2322800000001],[-76.72642,44.22542],[-76.7295599999999,44.2248200000001],[-76.73268,44.22411],[-76.73513,44.22342],[-76.7594599999999,44.2154800000001],[-76.76257,44.2146100000001],[-76.76564,44.2139700000001],[-76.76716,44.21371],[-76.76964,44.21342],[-76.80423,44.21034],[-76.807,44.21016],[-76.8089899999999,44.2102100000001],[-76.8108999999999,44.21037],[-76.81321,44.2107500000001],[-76.88763,44.22979],[-76.88917,44.2301],[-76.89061,44.2303200000001],[-76.89374,44.23049],[-76.90838,44.2299],[-76.9106199999999,44.2299600000001],[-76.91272,44.23017],[-76.9147599999999,44.23056],[-76.9164699999999,44.2310000000001],[-76.9181599999999,44.23157],[-76.92012,44.23238],[-76.92197,44.2332700000001],[-76.9238,44.23431],[-76.93643,44.24267],[-76.9373899999999,44.24336],[-76.93911,44.24483],[-76.9406999999999,44.2466600000001],[-76.94212,44.2486200000001],[-76.94278,44.2494100000001],[-76.94355,44.2501],[-76.9443699999999,44.25066],[-76.9473199999999,44.2523100000001],[-76.94864,44.2528500000001],[-76.94996,44.2532400000001],[-76.95142,44.2535300000001],[-76.95295,44.25365],[-76.95426,44.25365],[-76.9542619819999,44.2536498090001]]},"properties":{"OBJECTID":35,"Route":"Toronto-Kingston","ORIG_FID":3,"ORIG_SEQ":2,"Segment_Length":36.758225064068043,"Shape__Length":51244.736822812782}},{"type":"Feature","id":37,"geometry":{"type":"LineString","coordinates":[[-73.56618,45.49992],[-73.5661786159999,45.499919361],[-73.55756,45.4959400000001],[-73.55662,45.4953],[-73.55608,45.4944600000001],[-73.55593,45.49381],[-73.55609,45.4918900000001],[-73.55659,45.48812],[-73.55648,45.48704],[-73.5561299999999,45.4863500000001],[-73.5558,45.48598],[-73.5550499999999,45.48548],[-73.55387,45.4850900000001],[-73.5523699999999,45.48503],[-73.5513999999999,45.48517],[-73.5411599999999,45.48765],[-73.50746,45.4990500000001],[-73.507451208,45.499052868]]},"properties":{"OBJECTID":37,"Route":"Montreal - Quebec","ORIG_FID":4,"ORIG_SEQ":2,"Segment_Length":6.1167393554605978,"Shape__Length":8720.4126844324637}},{"type":"Feature","id":38,"geometry":{"type":"LineString","coordinates":[[-73.507451208,45.499052868],[-73.49716,45.5024100000001],[-73.49269,45.50363],[-73.48761,45.50447],[-73.43209,45.5082200000001],[-73.33849,45.51435],[-73.33577,45.5146500000001],[-73.33332,45.5151300000001],[-73.2254399999999,45.5472800000001],[-73.22307,45.54774],[-73.2203,45.54805],[-73.21851,45.54812],[-73.20735,45.54808],[-73.20627,45.5482000000001],[-73.20503,45.5485600000001],[-73.20393,45.5491900000001],[-73.20334,45.5497300000001],[-73.2030099999999,45.55015],[-73.1876599999999,45.5728500000001],[-73.1865099999999,45.57408],[-73.18503,45.5751300000001],[-73.1831099999999,45.5760300000001],[-73.17939,45.5769900000001],[-72.9489318619999,45.6277095900001]]},"properties":{"OBJECTID":38,"Route":"Montreal - Quebec","ORIG_FID":4,"ORIG_SEQ":3,"Segment_Length":47.246419020092532,"Shape__Length":67388.673371773009}},{"type":"Feature","id":39,"geometry":{"type":"LineString","coordinates":[[-72.9489318619999,45.6277095900001],[-72.94893,45.62771],[-72.8928999999999,45.6401700000001],[-72.88983,45.64111],[-72.85247,45.6546200000001],[-72.85005,45.6556200000001],[-72.84813,45.6567600000001],[-72.8464999999999,45.6580700000001],[-72.84523,45.65954],[-72.83852,45.6692600000001],[-72.8354399999999,45.67325],[-72.83252,45.6755600000001],[-72.81751,45.6854500000001],[-72.81505,45.6866400000001],[-72.81265,45.68752],[-72.8095299999999,45.6882900000001],[-72.78441,45.69318],[-72.78246,45.6937],[-72.78061,45.69451],[-72.77861,45.69582],[-72.67716,45.7657],[-72.6743299999999,45.7675100000001],[-72.57962,45.8162400000001],[-72.57757,45.81739],[-72.57573,45.8187],[-72.5504799999999,45.8403200000001],[-72.54778,45.8424600000001],[-72.5454099999999,45.8438],[-72.54252,45.84502],[-72.52367,45.85168],[-72.52199,45.8524400000001],[-72.52019,45.8534300000001],[-72.51804,45.8549300000001],[-72.49117,45.8784900000001],[-72.4900299999999,45.87969],[-72.487914212,45.882438092]]},"properties":{"OBJECTID":39,"Route":"Montreal - Quebec","ORIG_FID":4,"ORIG_SEQ":4,"Segment_Length":46.75820755448823,"Shape__Length":66974.554360825088}},{"type":"Feature","id":40,"geometry":{"type":"LineString","coordinates":[[-72.487914212,45.882438092],[-72.48742,45.8830800000001],[-72.48678,45.88374],[-72.48578,45.8845600000001],[-72.48121,45.8875100000001],[-72.47754,45.8896800000001],[-72.47299,45.8929800000001],[-72.46998,45.8955],[-72.4689099999999,45.8963000000001],[-72.46816,45.8967000000001],[-72.4634799999999,45.8987100000001],[-72.46173,45.89973],[-72.43846,45.9190400000001],[-72.4251199999999,45.9298700000001],[-72.42342,45.9310800000001],[-72.39538,45.9469300000001],[-72.39385,45.9478700000001],[-72.3916599999999,45.9496500000001],[-72.39054,45.9508700000001],[-72.3899299999999,45.9520000000001],[-72.38949,45.95331],[-72.3894299999999,45.95471],[-72.3897499999999,45.9560900000001],[-72.39484,45.9664500000001],[-72.4054399999999,45.98758],[-72.40621,45.98936],[-72.4064999999999,45.9907900000001],[-72.40658,45.99204],[-72.40736,46.0224200000001],[-72.40725,46.02351],[-72.40692,46.0246100000001],[-72.40651,46.0255000000001],[-72.40579,46.0264100000001],[-72.39912,46.0330200000001],[-72.39791,46.0344000000001],[-72.39723,46.0356600000001],[-72.39683,46.0371300000001],[-72.39679,46.03862],[-72.40019,46.07273],[-72.4002399999999,46.0739100000001],[-72.40012,46.07491],[-72.3997899999999,46.0759200000001],[-72.39931,46.07685],[-72.3982999999999,46.07813],[-72.39696,46.0793600000001],[-72.3774299999999,46.0958900000001],[-72.37585,46.09756],[-72.37467,46.0992000000001],[-72.3696399999999,46.10708],[-72.36914,46.10776],[-72.36841,46.10848],[-72.36735,46.10932],[-72.35131,46.1207900000001],[-72.35022,46.1214600000001],[-72.27976,46.1533000000001],[-72.17904,46.19401],[-72.17747,46.1947200000001],[-72.15813,46.20529],[-72.1387,46.21329],[-72.13812,46.2136300000001],[-72.13756,46.2142000000001],[-72.1372699999999,46.2147600000001],[-72.13714,46.21554],[-72.1320699999999,46.27007],[-72.13188,46.2706600000001],[-72.13154,46.27124],[-72.11448,46.29551],[-72.11375,46.29641],[-72.11315,46.29692],[-72.1123899999999,46.29738],[-72.1108199999999,46.2979800000001],[-72.0173399999999,46.33122],[-72.01566,46.3320000000001],[-72.0097299999999,46.3356900000001],[-72.00864,46.3366600000001],[-72.0081299999999,46.33766],[-72.008,46.3385900000001],[-72.00783,46.3635800000001],[-72.00753,46.36526],[-72.0067999999999,46.3667800000001],[-72.0056499999999,46.3681300000001],[-72.00411,46.36931],[-72.0006099999999,46.37147],[-71.99882,46.3722500000001],[-71.99717,46.37262],[-71.8772499999999,46.38982],[-71.76877,46.40522],[-71.7657399999999,46.4057300000001],[-71.76363,46.40646],[-71.76217,46.4072200000001],[-71.69042,46.45428],[-71.68791,46.45608],[-71.68638,46.45755],[-71.6857899999999,46.4582],[-71.6848199999999,46.4595400000001],[-71.63708,46.53666],[-71.6366399999999,46.5372600000001],[-71.63566,46.5382000000001],[-71.6340299999999,46.5392800000001],[-71.6323599999999,46.5400700000001],[-71.60414,46.5500200000001],[-71.60059,46.55134],[-71.5979,46.5527300000001],[-71.59529,46.55455],[-71.50793,46.61906],[-71.50607,46.6202400000001],[-71.5039199999999,46.62111],[-71.44879,46.6401200000001],[-71.42808,46.6492200000001],[-71.42615,46.6499400000001],[-71.42412,46.6505500000001],[-71.4100999999999,46.65403],[-71.4084099999999,46.6545300000001],[-71.33401,46.68077],[-71.3315499999999,46.6818500000001],[-71.30545,46.69478],[-71.3029099999999,46.69579],[-71.29054,46.6989800000001],[-71.28892,46.69953],[-71.27799,46.7052600000001],[-71.27617,46.70649],[-71.27503,46.7076200000001],[-71.2706357549999,46.7135633500001]]},"properties":{"OBJECTID":40,"Route":"Montreal - Quebec","ORIG_FID":4,"ORIG_SEQ":5,"Segment_Length":145.08497746882551,"Shape__Length":210056.73518108774}},{"type":"Feature","id":41,"geometry":{"type":"LineString","coordinates":[[-71.29757395,46.7542312300001],[-71.3269,46.74992],[-71.3348799999999,46.7478200000001],[-71.33563,46.74773],[-71.33635,46.7478],[-71.33679,46.74794],[-71.33735,46.7483100000001],[-71.3376499999999,46.74875],[-71.3377399999999,46.7493600000001],[-71.33798,46.74981],[-71.33823,46.75003],[-71.34023,46.7512300000001],[-71.34057,46.7516800000001],[-71.34066,46.75197],[-71.34019,46.7598100000001],[-71.3402399999999,46.76138],[-71.34038,46.7623200000001],[-71.34041,46.7632200000001],[-71.34029,46.76439],[-71.3400599999999,46.76509],[-71.33897,46.7665500000001],[-71.3382099999999,46.76817],[-71.33622,46.76975],[-71.33592,46.7700800000001],[-71.33255,46.77599],[-71.3320899999999,46.7765600000001],[-71.33169,46.7769900000001],[-71.3307,46.7777600000001],[-71.3294099999999,46.7785000000001],[-71.32518,46.7802300000001],[-71.32289,46.78101],[-71.31395,46.7833600000001],[-71.3120499999999,46.78369],[-71.3090099999999,46.78405],[-71.30817,46.78427],[-71.30743,46.7845],[-71.30011,46.78752],[-71.29313,46.78952],[-71.2923299999999,46.7898100000001],[-71.29097,46.7905500000001],[-71.29008,46.7912900000001],[-71.28941,46.79211],[-71.28901,46.79315],[-71.2889,46.7938800000001],[-71.28892,46.7944],[-71.2894899999999,46.79636],[-71.28953,46.7972],[-71.2891099999999,46.7984300000001],[-71.28842,46.7993500000001],[-71.28802,46.7997300000001],[-71.26798,46.8141900000001],[-71.24841,46.8319300000001],[-71.24747,46.83257],[-71.2385199999999,46.83747],[-71.23772,46.83775],[-71.23697,46.8379000000001],[-71.2355699999999,46.8379400000001],[-71.23421,46.83768],[-71.2333399999999,46.8373300000001],[-71.23268,46.83691],[-71.22815,46.83234],[-71.2180499999999,46.8236200000001],[-71.21529,46.82061],[-71.21461074,46.8185722200001],[-71.2146099999999,46.8185700000001]]},"properties":{"OBJECTID":41,"Route":"Montreal - Quebec","ORIG_FID":4,"ORIG_SEQ":7,"Segment_Length":19.818325782828484,"Shape__Length":28940.757297399821}},{"type":"Feature","id":42,"geometry":{"type":"LineString","coordinates":[[-71.2706357549999,46.7135633500001],[-71.2693,46.7153700000001],[-71.26908,46.7160200000001],[-71.2691399999999,46.7165],[-71.2693599999999,46.7169500000001],[-71.27345,46.72112],[-71.27507,46.72337],[-71.27725,46.7277],[-71.28347,46.7381500000001],[-71.28561,46.7415700000001],[-71.29223,46.7526],[-71.2928899999999,46.7534],[-71.29355,46.75388],[-71.2945,46.7542500000001],[-71.29549,46.7544100000001],[-71.2966299999999,46.7543700000001],[-71.29757395,46.7542312300001]]},"properties":{"OBJECTID":42,"Route":"Montreal - Quebec","ORIG_FID":4,"ORIG_SEQ":6,"Segment_Length":5.2467178152368108,"Shape__Length":7660.6340406883446}},{"type":"Feature","id":44,"geometry":{"type":"LineString","coordinates":[[-79.38032,43.6448100000001],[-79.37334,43.64581],[-79.36177,43.6482100000001],[-79.35749,43.6496000000001],[-79.35561,43.6504],[-79.34892,43.6539700000001],[-79.34761,43.6550300000001],[-79.34685,43.6559],[-79.3463199999999,43.65684],[-79.34601,43.65786],[-79.34556,43.6616000000001],[-79.3452,43.6629100000001],[-79.3447399999999,43.6640200000001],[-79.3439699999999,43.66544],[-79.34304,43.66679],[-79.34169,43.6683600000001],[-79.34026,43.6696400000001],[-79.3382099999999,43.67114],[-79.33617,43.67227],[-79.33306,43.67359],[-79.30445,43.68481],[-79.3007899999999,43.6861000000001],[-79.29901,43.68662],[-79.27907,43.69118],[-79.27539,43.69244],[-79.2725399999999,43.69388],[-79.27009,43.69561],[-79.26811,43.6975],[-79.26696,43.69897],[-79.2471399999999,43.7287400000001],[-79.24575,43.7303400000001],[-79.24355,43.73222],[-79.2276899999999,43.74224],[-79.22524,43.7440500000001],[-79.22155,43.7473600000001],[-79.22034,43.7481500000001],[-79.2190199999999,43.74881],[-79.21743,43.7493400000001],[-79.21321,43.75044],[-79.21129,43.75113],[-79.2082,43.7524700000001],[-79.20622,43.7531700000001],[-79.20399,43.75377],[-79.198262508,43.75481954]]},"properties":{"OBJECTID":44,"Route":"Toronto - Montreal","ORIG_FID":5,"ORIG_SEQ":1,"Segment_Length":20.224994657992124,"Shape__Length":27970.535521567203}},{"type":"Feature","id":45,"geometry":{"type":"LineString","coordinates":[[-78.2990171329999,43.943592176],[-78.29736,43.94485],[-78.29662,43.94528],[-78.2948,43.94609],[-78.2890599999999,43.94768],[-78.27079,43.9525],[-78.26716,43.95325],[-78.26319,43.9538000000001],[-78.25892,43.95412],[-78.25659,43.95415],[-78.23626,43.9538600000001],[-78.23416,43.95401],[-78.20388,43.95817],[-78.2020899999999,43.9582500000001],[-78.20036,43.9581900000001],[-78.19758,43.95793],[-78.19565,43.9579],[-78.19424,43.9579800000001],[-78.19132,43.9584300000001],[-78.18959,43.9588900000001],[-78.1866699999999,43.9600300000001],[-78.18483,43.9609800000001],[-78.1761099999999,43.9659],[-78.1742599999999,43.9667900000001],[-78.17151,43.9677800000001]]},"properties":{"OBJECTID":45,"Route":"Toronto - Montreal","ORIG_FID":5,"ORIG_SEQ":4,"Segment_Length":10.855280560879226,"Shape__Length":15060.4502616397}},{"type":"Feature","id":46,"geometry":{"type":"LineString","coordinates":[[-78.884626974,43.8708310160001],[-78.86583,43.87714],[-78.86353,43.8778300000001],[-78.8604,43.87852],[-78.8573299999999,43.87908],[-78.82667,43.88446],[-78.82471,43.8847000000001],[-78.8228099999999,43.8848100000001],[-78.82109,43.8848200000001],[-78.81786,43.8845400000001],[-78.8160799999999,43.8842300000001],[-78.8144399999999,43.8838400000001],[-78.8126099999999,43.8832800000001],[-78.81118,43.88273],[-78.80958,43.8820000000001],[-78.80846,43.8813900000001],[-78.80418,43.87859],[-78.80177,43.8772900000001],[-78.79893,43.8761400000001],[-78.79691,43.8755400000001],[-78.79355,43.8748800000001],[-78.7911599999999,43.87472],[-78.77532,43.87636],[-78.77382,43.8764100000001],[-78.77134,43.87634],[-78.76857,43.876],[-78.76718,43.87573],[-78.75372,43.8724700000001],[-78.75158,43.87201],[-78.7496,43.8717300000001],[-78.74619,43.87156],[-78.74313,43.8717300000001],[-78.72239,43.8740700000001],[-78.7204,43.8743400000001],[-78.7171999999999,43.87508],[-78.71603,43.87543],[-78.71356,43.87643],[-78.71126,43.87764],[-78.6874099999999,43.8931900000001],[-78.68614,43.8939300000001],[-78.6840099999999,43.89484],[-78.68258,43.8952800000001],[-78.67999,43.89576],[-78.67848,43.89588],[-78.6672399999999,43.8961800000001],[-78.66318,43.89617],[-78.65973,43.8959400000001],[-78.6503299999999,43.89487],[-78.64843,43.89478],[-78.64676,43.8948],[-78.64413,43.89502],[-78.6412,43.8955500000001],[-78.63964,43.89597],[-78.63663,43.89709],[-78.6311699999999,43.8996100000001],[-78.62958,43.90024],[-78.6275699999999,43.9009500000001],[-78.62539,43.9016100000001],[-78.6205199999999,43.9028000000001],[-78.61583,43.90353],[-78.58951,43.90707],[-78.58642,43.90736],[-78.58392,43.9073700000001],[-78.58045,43.9071000000001],[-78.5702699999999,43.90589],[-78.5676699999999,43.9055200000001],[-78.56459,43.9047800000001],[-78.56238,43.90403],[-78.55278,43.9004100000001],[-78.55009,43.8995200000001],[-78.54715,43.8989],[-78.54373,43.8985700000001],[-78.5401599999999,43.89864],[-78.53855,43.89883],[-78.51271,43.90216],[-78.51055,43.90254],[-78.50829,43.90302],[-78.5046599999999,43.9039900000001],[-78.4911099999999,43.90869],[-78.48855,43.90952],[-78.4858399999999,43.9102300000001],[-78.47731,43.9122600000001],[-78.4734099999999,43.91339],[-78.4573799999999,43.91936],[-78.45354,43.92058],[-78.45163,43.9210400000001],[-78.4475199999999,43.92164],[-78.4349099999999,43.9225500000001],[-78.4333,43.92274],[-78.43152,43.92303],[-78.42877,43.92373],[-78.4115,43.92945],[-78.40957,43.93012],[-78.40811,43.93075],[-78.40675,43.93145],[-78.39104,43.9409400000001],[-78.38805,43.9425600000001],[-78.3858099999999,43.9436200000001],[-78.3829699999999,43.94469],[-78.3788499999999,43.94595],[-78.37613,43.9466100000001],[-78.3734699999999,43.9470700000001],[-78.3688799999999,43.94755],[-78.36608,43.94768],[-78.36312,43.94766],[-78.36076,43.9475400000001],[-78.35842,43.9473100000001],[-78.35608,43.9469700000001],[-78.3299499999999,43.9428100000001],[-78.32683,43.9423800000001],[-78.31598,43.94129],[-78.3115799999999,43.9409200000001],[-78.3075899999999,43.9407100000001],[-78.30579,43.94068],[-78.3046899999999,43.94077],[-78.30373,43.9409600000001],[-78.3025699999999,43.94129],[-78.30157,43.94172],[-78.30046,43.94237],[-78.29952,43.9430100000001],[-78.29902,43.94359],[-78.2990171329999,43.943592176]]},"properties":{"OBJECTID":46,"Route":"Toronto - Montreal","ORIG_FID":5,"ORIG_SEQ":3,"Segment_Length":50.456925975784259,"Shape__Length":69947.717359795861}},{"type":"Feature","id":47,"geometry":{"type":"LineString","coordinates":[[-78.17151,43.9677800000001],[-78.16903,43.9684100000001],[-78.16743,43.9687000000001],[-78.16568,43.9689000000001],[-78.16295,43.9690200000001],[-78.13623,43.9693600000001],[-78.13356,43.9693100000001],[-78.1065,43.96732],[-78.10342,43.9672400000001],[-78.1000099999999,43.9672600000001],[-78.0954399999999,43.96747],[-78.09067,43.9680300000001],[-78.05626,43.9728900000001],[-77.87613,43.99794],[-77.8729999999999,43.9984900000001],[-77.86916,43.99942],[-77.71147,44.04461],[-77.7050199999999,44.04654],[-77.7015899999999,44.04767],[-77.69746,44.04924],[-77.6920499999999,44.05143],[-77.6891199999999,44.0528400000001],[-77.68682,44.0541200000001],[-77.60988,44.1034700000001],[-77.6084099999999,44.10454],[-77.60695,44.10583],[-77.59881,44.1152500000001],[-77.598806688,44.115253393]]},"properties":{"OBJECTID":47,"Route":"Toronto - Montreal","ORIG_FID":5,"ORIG_SEQ":5,"Segment_Length":50.323242540305664,"Shape__Length":69899.446246898166}},{"type":"Feature","id":48,"geometry":{"type":"LineString","coordinates":[[-79.198262508,43.75481954],[-79.1982599999999,43.75482],[-79.18722,43.75708],[-79.1649099999999,43.76138],[-79.1632999999999,43.76172],[-79.14956,43.76522],[-79.14797,43.76579],[-79.1467,43.76638],[-79.1397899999999,43.7706900000001],[-79.13762,43.7724200000001],[-79.13597,43.77403],[-79.12314,43.78778],[-79.1218,43.78948],[-79.1175699999999,43.79531],[-79.11662,43.79692],[-79.1159699999999,43.7984700000001],[-79.1155199999999,43.80019],[-79.11533,43.8018700000001],[-79.11485,43.8086900000001],[-79.11464,43.8105600000001],[-79.1143499999999,43.8118400000001],[-79.11383,43.81334],[-79.11323,43.8145700000001],[-79.1126399999999,43.8155300000001],[-79.1111799999999,43.81739],[-79.10998,43.8186000000001],[-79.1087899999999,43.8195900000001],[-79.1075099999999,43.8205100000001],[-79.1061999999999,43.82129],[-79.05699,43.84407],[-79.05538,43.84472],[-79.05365,43.84527],[-78.96284,43.8656800000001],[-78.96032,43.86618],[-78.95788,43.86647],[-78.9562699999999,43.8665500000001],[-78.95439,43.8665300000001],[-78.95219,43.8663500000001],[-78.9187399999999,43.8619800000001],[-78.91621,43.8618300000001],[-78.9132999999999,43.8619400000001],[-78.91016,43.8623600000001],[-78.90764,43.8629800000001],[-78.88463,43.8708300000001],[-78.884626974,43.8708310160001]]},"properties":{"OBJECTID":48,"Route":"Toronto - Montreal","ORIG_FID":5,"ORIG_SEQ":2,"Segment_Length":30.695038841491872,"Shape__Length":42518.417464765087}},{"type":"Feature","id":49,"geometry":{"type":"LineString","coordinates":[[-76.9542619819999,44.2536498090001],[-76.95426,44.25365],[-76.95295,44.25365],[-76.95142,44.2535300000001],[-76.94996,44.2532400000001],[-76.94864,44.2528500000001],[-76.9473199999999,44.2523100000001],[-76.9443699999999,44.25066],[-76.94355,44.2501],[-76.94278,44.2494100000001],[-76.94212,44.2486200000001],[-76.9406999999999,44.2466600000001],[-76.93911,44.24483],[-76.9373899999999,44.24336],[-76.93643,44.24267],[-76.9238,44.23431],[-76.92197,44.2332700000001],[-76.92012,44.23238],[-76.9181599999999,44.23157],[-76.9164699999999,44.2310000000001],[-76.9147599999999,44.23056],[-76.91272,44.23017],[-76.9106199999999,44.2299600000001],[-76.90838,44.2299],[-76.89374,44.23049],[-76.89061,44.2303200000001],[-76.88917,44.2301],[-76.88763,44.22979],[-76.81503,44.21121],[-76.81321,44.2107500000001],[-76.8108999999999,44.21037],[-76.8089899999999,44.2102100000001],[-76.807,44.21016],[-76.80423,44.21034],[-76.76964,44.21342],[-76.76716,44.21371],[-76.76564,44.2139700000001],[-76.76257,44.2146100000001],[-76.7594599999999,44.2154800000001],[-76.73513,44.22342],[-76.73268,44.22411],[-76.7295599999999,44.2248200000001],[-76.72642,44.22542],[-76.6873899999999,44.2322800000001],[-76.68528,44.23249],[-76.6832699999999,44.2325500000001],[-76.68112,44.2324600000001],[-76.67878,44.23217],[-76.67614,44.23159],[-76.6742199999999,44.23098],[-76.6704099999999,44.22932],[-76.66865,44.22871],[-76.6669199999999,44.22823],[-76.6650999999999,44.22788],[-76.6629399999999,44.2276200000001],[-76.66072,44.2275500000001],[-76.65811,44.22767],[-76.6541599999999,44.22819],[-76.65241,44.2283],[-76.64917,44.2282000000001],[-76.64418,44.22749],[-76.64125,44.22743],[-76.63965,44.22758],[-76.6366199999999,44.2281800000001],[-76.63525,44.2285900000001],[-76.63379,44.2292100000001],[-76.63257,44.22986],[-76.63112,44.23082],[-76.63019,44.23159],[-76.62628,44.236],[-76.62508,44.23717],[-76.62371,44.2382400000001],[-76.62216,44.23925],[-76.6204999999999,44.24012],[-76.61868,44.2408800000001],[-76.61705,44.24141],[-76.6146199999999,44.24203],[-76.61281,44.2423600000001],[-76.6096899999999,44.2426300000001],[-76.6078,44.24264],[-76.60588,44.2425000000001],[-76.60409,44.2422500000001],[-76.6020599999999,44.2418200000001],[-76.59099,44.23852],[-76.58905,44.2380600000001],[-76.5875,44.23782],[-76.58426,44.2376],[-76.5814,44.2377000000001],[-76.5796999999999,44.23791],[-76.57802,44.2382200000001],[-76.57026,44.2401800000001],[-76.56855,44.24051],[-76.5645499999999,44.24107],[-76.5623799999999,44.24154],[-76.56046,44.24213],[-76.55873,44.2428],[-76.55762,44.2433300000001],[-76.55531,44.2447100000001],[-76.55409,44.24563],[-76.5530199999999,44.2465700000001],[-76.5519199999999,44.2477300000001],[-76.5510199999999,44.2485500000001],[-76.5499799999999,44.24935],[-76.54833,44.2504200000001],[-76.5366087529999,44.256990715]]},"properties":{"OBJECTID":49,"Route":"Toronto - Montreal","ORIG_FID":5,"ORIG_SEQ":8,"Segment_Length":36.756981945802472,"Shape__Length":51242.428052974472}},{"type":"Feature","id":50,"geometry":{"type":"LineString","coordinates":[[-77.598806688,44.115253393],[-77.59675,44.1173600000001],[-77.59534,44.1185600000001],[-77.5937499999999,44.1197000000001],[-77.5782,44.1292300000001],[-77.57687,44.1299500000001],[-77.5740499999999,44.1311700000001],[-77.57228,44.13174],[-77.5702899999999,44.1322400000001],[-77.5683799999999,44.1325900000001],[-77.53023,44.1380600000001],[-77.52744,44.13856],[-77.52363,44.1394500000001],[-77.39014,44.1735800000001],[-77.38769,44.17438],[-77.3745499999999,44.17961]]},"properties":{"OBJECTID":50,"Route":"Toronto - Montreal","ORIG_FID":5,"ORIG_SEQ":6,"Segment_Length":19.563794723046634,"Shape__Length":27235.58696463679}},{"type":"Feature","id":51,"geometry":{"type":"LineString","coordinates":[[-77.3745499999999,44.17961],[-77.37113,44.1806800000001],[-77.36733,44.1816600000001],[-77.27705,44.20372],[-77.27537,44.20405],[-77.2736399999999,44.20428],[-77.27188,44.20442],[-77.26901,44.2044300000001],[-77.24636,44.20284],[-77.2444199999999,44.2028700000001],[-77.2425699999999,44.2030400000001],[-77.24001,44.20343],[-77.112,44.22648],[-77.1095999999999,44.2268],[-77.1071499999999,44.2269200000001],[-77.1045,44.2267600000001],[-77.08428,44.2248700000001],[-77.08005,44.22454],[-77.07647,44.2245],[-77.07248,44.2247200000001],[-77.05753,44.22673],[-77.0551,44.22711],[-77.0531799999999,44.2275700000001],[-77.0510599999999,44.2282700000001],[-77.02502,44.2376100000001],[-77.0219299999999,44.23853],[-76.99127,44.24659],[-76.98785,44.24742],[-76.98346,44.2482800000001],[-76.95765,44.25316],[-76.95571,44.2535100000001],[-76.9542619819999,44.2536498090001]]},"properties":{"OBJECTID":51,"Route":"Toronto - Montreal","ORIG_FID":5,"ORIG_SEQ":7,"Segment_Length":34.972522851224667,"Shape__Length":48729.527906787771}},{"type":"Feature","id":52,"geometry":{"type":"LineString","coordinates":[[-76.5366087529999,44.256990715],[-76.52357,44.2643],[-76.5218,44.2650800000001],[-76.52037,44.2655300000001],[-76.51902,44.26581],[-76.51753,44.26599],[-76.51578,44.26603],[-76.51381,44.2658700000001],[-76.51196,44.26549],[-76.5106,44.2651000000001],[-76.49803,44.2607600000001],[-76.4971,44.26036],[-76.49441,44.25883],[-76.49344,44.25838],[-76.49235,44.25798],[-76.4911,44.25766],[-76.48977,44.25744],[-76.4883399999999,44.2573600000001],[-76.48684,44.2573800000001],[-76.48554,44.25755],[-76.4843299999999,44.25784],[-76.4830499999999,44.25825],[-76.48197,44.25872],[-76.48079,44.25942],[-76.47971,44.26027],[-76.47883,44.26119],[-76.47674,44.2642200000001],[-76.4763799999999,44.26489],[-76.47612,44.2656400000001],[-76.47587,44.2670200000001],[-76.4760899999999,44.2698500000001],[-76.4759799999999,44.2706600000001],[-76.47578,44.2714300000001],[-76.47547,44.2721800000001],[-76.47453,44.2735900000001],[-76.4738,44.27435],[-76.4713799999999,44.27648],[-76.47034,44.27754],[-76.46771,44.2810000000001],[-76.46678,44.28198],[-76.46577,44.28286],[-76.46449,44.2837700000001],[-76.46306,44.2846000000001],[-76.4613899999999,44.2854100000001],[-76.44953,44.29058],[-76.44814,44.29105],[-76.4456199999999,44.2916000000001],[-76.43809,44.2921400000001],[-76.43556,44.29247],[-76.43417,44.2927700000001],[-76.4319399999999,44.2934000000001],[-76.43049,44.29393],[-76.4291499999999,44.2944900000001],[-76.38596,44.31476],[-76.38298,44.3159400000001],[-76.37975,44.31678],[-76.33591,44.3240700000001],[-76.33412,44.32444],[-76.33243,44.3249200000001],[-76.25944,44.34952],[-76.2569799999999,44.3502500000001],[-76.2542,44.3509300000001],[-76.2519,44.35139],[-76.23594,44.3541300000001],[-76.22284,44.3558],[-76.21996,44.3563300000001],[-76.20897,44.35862],[-76.2061399999999,44.35893],[-76.20481,44.35898],[-76.1990699999999,44.3589200000001],[-76.19611,44.3590100000001],[-76.1933,44.3592200000001],[-76.1827499999999,44.3602900000001],[-76.1801599999999,44.3606800000001],[-76.17726,44.3614200000001],[-76.1756799999999,44.36199],[-76.1727299999999,44.3633300000001],[-76.16925,44.36553],[-76.16739,44.3665],[-76.16484,44.36738],[-76.1635199999999,44.36769],[-76.1537299999999,44.36881]]},"properties":{"OBJECTID":52,"Route":"Toronto - Montreal","ORIG_FID":5,"ORIG_SEQ":9,"Segment_Length":35.069741261936734,"Shape__Length":48970.210831007091}},{"type":"Feature","id":53,"geometry":{"type":"LineString","coordinates":[[-76.1537299999999,44.36881],[-76.09094,44.37564],[-76.0875599999999,44.3761000000001],[-76.0842699999999,44.37674],[-76.08088,44.37762],[-76.0778999999999,44.37859],[-76.0327599999999,44.3953900000001],[-76.0300999999999,44.39649],[-76.0277399999999,44.3976200000001],[-75.97718,44.42731],[-75.9703,44.4321800000001],[-75.96653,44.43512],[-75.9652399999999,44.43598],[-75.9573599999999,44.44019],[-75.95107,44.44246],[-75.94461,44.44509],[-75.9424999999999,44.4461000000001],[-75.94134,44.4469100000001],[-75.93881,44.4490200000001],[-75.9381,44.44949],[-75.93704,44.45003],[-75.9206799999999,44.45703],[-75.90505,44.4647400000001],[-75.9011599999999,44.4668100000001],[-75.89834,44.4686800000001],[-75.89577,44.47067],[-75.8872,44.47837],[-75.86786,44.49539],[-75.86553,44.49724],[-75.85873,44.5023100000001],[-75.8571699999999,44.5036200000001],[-75.84883,44.51202],[-75.8471699999999,44.51334],[-75.83482,44.52124],[-75.8239799999999,44.52914],[-75.82152,44.53106],[-75.80418,44.54569],[-75.80225,44.5470300000001],[-75.79639,44.5500900000001],[-75.79471,44.5514600000001],[-75.78658,44.5592800000001],[-75.782,44.5624700000001],[-75.77912,44.56422],[-75.7758499999999,44.56573],[-75.7705799999999,44.5673100000001],[-75.7499299999999,44.57304],[-75.74031,44.5762300000001],[-75.7366199999999,44.57755],[-75.73139,44.57881],[-75.7264,44.5806400000001],[-75.7186599999999,44.58363],[-75.71239,44.5853500000001],[-75.70374,44.58691],[-75.69989,44.5884],[-75.69679,44.5897800000001],[-75.6927061649999,44.5921009730001]]},"properties":{"OBJECTID":53,"Route":"Toronto - Montreal","ORIG_FID":5,"ORIG_SEQ":10,"Segment_Length":45.558446596525393,"Shape__Length":63811.686171370922}},{"type":"Feature","id":54,"geometry":{"type":"LineString","coordinates":[[-75.6927061649999,44.5921009730001],[-75.68618,44.59581],[-75.68487,44.5966900000001],[-75.68369,44.5976600000001],[-75.6828199999999,44.59848],[-75.6819199999999,44.5995],[-75.68121,44.6004100000001],[-75.67898,44.60418],[-75.67828,44.60519],[-75.67731,44.60623],[-75.6762899999999,44.6071200000001],[-75.67502,44.60799],[-75.67357,44.6087600000001],[-75.6664,44.6120500000001],[-75.66241,44.6140800000001],[-75.65942,44.61596],[-75.6560899999999,44.6184500000001],[-75.6467499999999,44.6259000000001],[-75.64296,44.62843],[-75.63924,44.6304500000001],[-75.63631,44.6317300000001],[-75.62604,44.63572],[-75.62262,44.6373100000001],[-75.61952,44.6390200000001],[-75.61679,44.6408200000001],[-75.61457,44.64255],[-75.59396,44.6604],[-75.5840699999999,44.66884],[-75.58185,44.6705000000001],[-75.56913,44.6781100000001],[-75.56683,44.6796200000001],[-75.56485,44.6811000000001],[-75.5406399999999,44.7010000000001],[-75.53761,44.70307],[-75.5055,44.72337],[-75.50371,44.7245800000001],[-75.50254,44.72573],[-75.5013499999999,44.7270500000001],[-75.50048,44.7282300000001],[-75.49959,44.72972],[-75.49594,44.7363800000001],[-75.4952299999999,44.7374500000001],[-75.49431,44.73861],[-75.4931999999999,44.7397300000001],[-75.492,44.7407600000001],[-75.4602199999999,44.76444],[-75.45698,44.7665300000001],[-75.4532399999999,44.7685700000001],[-75.42227,44.7843700000001],[-75.4196699999999,44.7855500000001],[-75.4170799999999,44.78657],[-75.3992499999999,44.7920800000001],[-75.3966799999999,44.7929],[-75.39413,44.79384],[-75.39111,44.7951600000001],[-75.38837,44.79659],[-75.3851299999999,44.7986300000001],[-75.3821,44.80076],[-75.3796,44.80291],[-75.37672,44.80591],[-75.33957,44.8460700000001],[-75.33671,44.8487500000001],[-75.3336199999999,44.8510800000001],[-75.3310299999999,44.85272],[-75.32867,44.8540300000001],[-75.30294,44.86704],[-75.3002999999999,44.8682600000001],[-75.2971199999999,44.8695000000001],[-75.28076,44.87544],[-75.27817,44.8764600000001],[-75.17321,44.9228800000001],[-75.06827,44.9691100000001],[-75.0665099999999,44.9700100000001],[-75.0153099999999,45.00053],[-75.0134399999999,45.00142],[-74.91099,45.04022],[-74.90905,45.0408800000001],[-74.90651,45.04155],[-74.90435,45.04191],[-74.90232,45.04213],[-74.9008699999999,45.04218],[-74.743463216,45.042204521]]},"properties":{"OBJECTID":54,"Route":"Toronto - Montreal","ORIG_FID":5,"ORIG_SEQ":11,"Segment_Length":93.8279212000514,"Shape__Length":132306.46319344835}},{"type":"Feature","id":55,"geometry":{"type":"LineString","coordinates":[[-74.743463216,45.042204521],[-74.70829,45.0422100000001],[-74.706,45.0423300000001],[-74.70385,45.0426],[-74.7015299999999,45.0430900000001],[-74.6993899999999,45.04368],[-74.69742,45.0444],[-74.66975,45.05582],[-74.66709,45.05714],[-74.6648499999999,45.0586000000001],[-74.6634,45.05981],[-74.66212,45.0611200000001],[-74.6612499999999,45.06219],[-74.65953,45.06476],[-74.6573299999999,45.0670900000001],[-74.65603,45.0681000000001],[-74.6546999999999,45.06901],[-74.6524199999999,45.07025],[-74.64917,45.07156],[-74.59183,45.0925],[-74.5890899999999,45.09357],[-74.58733,45.09434],[-74.58401,45.09605],[-74.5181499999999,45.1333700000001],[-74.5164599999999,45.13426],[-74.35855,45.2124900000001],[-74.232916506,45.2748729640001]]},"properties":{"OBJECTID":55,"Route":"Toronto - Montreal","ORIG_FID":5,"ORIG_SEQ":12,"Segment_Length":48.451335125400909,"Shape__Length":68656.1153197887}},{"type":"Feature","id":57,"geometry":{"type":"LineString","coordinates":[[-74.232916506,45.2748729640001],[-74.20505,45.28871],[-74.2027899999999,45.2899400000001],[-74.20045,45.2915300000001],[-74.19667,45.29452],[-74.19409,45.29625],[-74.19154,45.29771],[-74.1859499999999,45.3002900000001],[-74.1785199999999,45.3031300000001],[-74.1754299999999,45.3045000000001],[-74.1657,45.3101],[-74.06449,45.35983],[-74.05241,45.3644600000001],[-74.04275,45.3692800000001],[-74.0400099999999,45.3708],[-74.0350099999999,45.3741],[-74.03271,45.37548],[-74.01597,45.38374],[-74.01275,45.3849700000001],[-74.0099,45.3857100000001],[-74.0053799999999,45.38633],[-73.9909499999999,45.3870600000001],[-73.98743,45.3875100000001],[-73.98351,45.3881900000001],[-73.9795999999999,45.38915],[-73.9756399999999,45.3904600000001],[-73.97229,45.39183],[-73.9697199999999,45.3930800000001],[-73.966,45.39523],[-73.96313,45.39727],[-73.9609399999999,45.39908],[-73.9554199999999,45.4045],[-73.9542499999999,45.40556],[-73.95327,45.40626],[-73.95168,45.40714],[-73.95052,45.4076000000001],[-73.9466899999999,45.40855],[-73.94462,45.4091500000001],[-73.90421,45.4237],[-73.90091,45.42467],[-73.8969499999999,45.4255900000001],[-73.86308,45.43096],[-73.8604999999999,45.4314000000001],[-73.85723,45.4321],[-73.8183299999999,45.4425600000001],[-73.81371,45.4438400000001],[-73.8027099999999,45.44719],[-73.79938,45.4481000000001],[-73.79633,45.4487700000001],[-73.7911799999999,45.4494700000001],[-73.78804,45.44969],[-73.7848299999999,45.44976],[-73.74127987,45.4489267700001]]},"properties":{"OBJECTID":57,"Route":"Toronto - Montreal","ORIG_FID":5,"ORIG_SEQ":13,"Segment_Length":44.237653329678714,"Shape__Length":62921.70655699091}},{"type":"Feature","id":58,"geometry":{"type":"LineString","coordinates":[[-73.74127987,45.4489267700001],[-73.73779,45.44886],[-73.73389,45.44894],[-73.70348,45.4483500000001],[-73.69742,45.44863],[-73.6952699999999,45.4485500000001],[-73.6849999999999,45.4478700000001],[-73.64992,45.4471300000001],[-73.64658,45.4472300000001],[-73.64393,45.44759],[-73.64162,45.44807],[-73.63731,45.44955],[-73.63429,45.4510100000001],[-73.631,45.4528800000001],[-73.6236299999999,45.45782],[-73.61904,45.4604800000001],[-73.60284,45.46723],[-73.59428,45.4718100000001],[-73.58644,45.4765600000001],[-73.58557,45.4768700000001],[-73.5845899999999,45.47707],[-73.5808699999999,45.4768700000001],[-73.57909,45.4766000000001],[-73.5757399999999,45.4757000000001],[-73.5744299999999,45.4755200000001],[-73.57242,45.4754500000001],[-73.57003,45.4756600000001],[-73.56745,45.47628],[-73.5655199999999,45.4771700000001],[-73.5595299999999,45.48141],[-73.5583599999999,45.48195],[-73.55767,45.4823700000001],[-73.55697,45.4830400000001],[-73.55628,45.48404],[-73.55601,45.48456],[-73.55592,45.4852100000001],[-73.55605,45.48585],[-73.55661,45.48713],[-73.55668,45.4876100000001],[-73.5566699999999,45.48814],[-73.55609,45.4918900000001],[-73.55593,45.49346],[-73.55599,45.49415],[-73.5562199999999,45.49476],[-73.55662,45.4953],[-73.5571899999999,45.49575],[-73.5661786169999,45.499919359],[-73.56618,45.49992]]},"properties":{"OBJECTID":58,"Route":"Toronto - Montreal","ORIG_FID":5,"ORIG_SEQ":14,"Segment_Length":18.151450876935911,"Shape__Length":25855.427675435771}},{"type":"Feature","id":59,"geometry":{"type":"LineString","coordinates":[[-79.38032,43.6448100000001],[-79.38917,43.64268],[-79.3979899999999,43.64067],[-79.40462,43.6398300000001],[-79.42701,43.63376],[-79.4285199999999,43.6334700000001],[-79.43018,43.6333300000001],[-79.43159,43.63332],[-79.4332599999999,43.63345],[-79.43473,43.63368],[-79.4358499999999,43.63397],[-79.4372899999999,43.6344500000001],[-79.44357,43.63714],[-79.44576,43.6379000000001],[-79.44832,43.63851],[-79.45109,43.63897],[-79.4539,43.6392300000001],[-79.45631,43.63928],[-79.45806,43.63919],[-79.4602399999999,43.6388900000001],[-79.46228,43.6384400000001],[-79.4644,43.63786],[-79.4665199999999,43.63707],[-79.47196,43.63468],[-79.47443,43.63334],[-79.47551,43.63261],[-79.49377,43.6187400000001],[-79.49979,43.6147700000001],[-79.50362,43.6127200000001],[-79.54711,43.5910900000001],[-79.5504,43.58907],[-79.55405,43.58632],[-79.59104,43.55244],[-79.6332199999999,43.51358],[-79.63717,43.51007],[-79.64023,43.5071500000001],[-79.64176,43.50546],[-79.6781799999999,43.4592],[-79.6803,43.4569500000001],[-79.682452121,43.454884705]]},"properties":{"OBJECTID":59,"Route":"Windsor - Toronto","ORIG_FID":6,"ORIG_SEQ":1,"Segment_Length":34.387573151307556,"Shape__Length":47465.650520343275}},{"type":"Feature","id":60,"geometry":{"type":"LineString","coordinates":[[-82.179611313,42.3972590270001],[-82.1977899999999,42.3837800000001],[-82.20015,42.38233],[-82.20304,42.38081],[-82.20625,42.3794],[-82.20944,42.37827],[-82.21363,42.37703],[-82.24959,42.36684],[-82.32359,42.34571],[-82.44919,42.30972],[-82.45127,42.30915],[-82.45528,42.3083],[-82.4591399999999,42.3077700000001],[-82.4610499999999,42.3076100000001],[-82.5929199999999,42.3015],[-82.7160499999999,42.2956300000001],[-82.7202099999999,42.2955600000001],[-82.7242599999999,42.2957900000001],[-83.0039399999999,42.3245],[-83.00713,42.3249300000001]]},"properties":{"OBJECTID":60,"Route":"Windsor - Toronto","ORIG_FID":6,"ORIG_SEQ":9,"Segment_Length":70.734041601388938,"Shape__Length":95544.716283430782}},{"type":"Feature","id":61,"geometry":{"type":"LineString","coordinates":[[-81.711548567,42.7458410580001],[-81.71155,42.7458400000001],[-81.98772,42.54078],[-82.04839,42.4955],[-82.1473799999999,42.42146],[-82.17961,42.3972600000001],[-82.179611313,42.3972590270001]]},"properties":{"OBJECTID":61,"Route":"Windsor - Toronto","ORIG_FID":6,"ORIG_SEQ":8,"Segment_Length":54.555246418757818,"Shape__Length":74103.539737923944}},{"type":"Feature","id":62,"geometry":{"type":"LineString","coordinates":[[-80.752123206,43.126529582],[-80.75496,43.12616],[-80.76811,43.1252700000001],[-80.7704899999999,43.12503],[-80.77286,43.1245900000001],[-80.77414,43.1242800000001],[-80.7757799999999,43.12372],[-80.80214,43.11289],[-80.8119799999999,43.10817],[-80.81333,43.10742],[-80.81451,43.1066500000001],[-80.8391799999999,43.0892400000001],[-80.84124,43.0873600000001],[-80.85462,43.07172],[-80.866,43.0591000000001],[-80.86846,43.0566600000001],[-80.88204,43.0442100000001],[-80.88357,43.04303],[-80.8846799999999,43.04231],[-80.887906852,43.040631638]]},"properties":{"OBJECTID":62,"Route":"Windsor - Toronto","ORIG_FID":6,"ORIG_SEQ":5,"Segment_Length":15.164122081073849,"Shape__Length":20765.776661625427}},{"type":"Feature","id":63,"geometry":{"type":"LineString","coordinates":[[-80.887906852,43.040631638],[-80.88791,43.0406300000001],[-80.96095,43.00615],[-80.96235,43.0055600000001],[-80.96419,43.00494],[-80.96611,43.00444],[-81.04652,42.9910300000001],[-81.04948,42.9908800000001],[-81.0797699999999,42.9915],[-81.08258,42.9913900000001],[-81.0841,42.9912100000001],[-81.12396,42.9848000000001],[-81.1262,42.98456],[-81.12837,42.9845],[-81.21477,42.98625],[-81.22328,42.9863800000001],[-81.22493,42.9863300000001],[-81.22696,42.98616],[-81.2311699999999,42.98544],[-81.2372099999999,42.9838],[-81.24045,42.9826],[-81.24256,42.9819900000001],[-81.2442,42.98168],[-81.246729412,42.980973571]]},"properties":{"OBJECTID":63,"Route":"Windsor - Toronto","ORIG_FID":6,"ORIG_SEQ":6,"Segment_Length":30.787044193985132,"Shape__Length":42043.036100653764}},{"type":"Feature","id":64,"geometry":{"type":"LineString","coordinates":[[-81.246729412,42.980973571],[-81.2582,42.9777700000001],[-81.2605799999999,42.9772800000001],[-81.26188,42.9771000000001],[-81.26458,42.97693],[-81.26778,42.97698],[-81.26951,42.9771400000001],[-81.27137,42.97742],[-81.34246,42.9902000000001],[-81.34491,42.9905400000001],[-81.34855,42.9907200000001],[-81.3520599999999,42.9904700000001],[-81.35372,42.99019],[-81.35573,42.9897100000001],[-81.3573499999999,42.98922],[-81.35982,42.98821],[-81.4251399999999,42.95667],[-81.42628,42.9560000000001],[-81.5414499999999,42.8713700000001],[-81.711548567,42.7458410580001]]},"properties":{"OBJECTID":64,"Route":"Windsor - Toronto","ORIG_FID":6,"ORIG_SEQ":7,"Segment_Length":49.025389975374523,"Shape__Length":66907.696673716957}},{"type":"Feature","id":65,"geometry":{"type":"LineString","coordinates":[[-79.855031079,43.312921826],[-79.8840299999999,43.2950500000001],[-79.88552,43.29386],[-79.88631,43.2929500000001],[-79.88829,43.28988],[-79.8887999999999,43.2893],[-79.8894,43.28885],[-79.89023,43.2884100000001],[-79.89118,43.28808],[-79.89289,43.2876400000001],[-79.89363,43.2876200000001],[-79.8943,43.2877],[-79.8967,43.2881800000001],[-79.89791,43.2883],[-79.8994,43.2883100000001],[-79.90092,43.28817],[-79.91328,43.2861100000001],[-79.91516,43.28596],[-79.91729,43.2859300000001],[-79.92693,43.28637],[-79.92869,43.2862500000001],[-79.93078,43.2858000000001],[-79.93259,43.28506],[-79.9334199999999,43.2845800000001],[-79.9405199999999,43.2798100000001],[-79.94183,43.2790800000001],[-79.94391,43.27817],[-79.95061,43.2756900000001],[-79.95228,43.2751700000001],[-79.95341,43.2749000000001],[-79.9647399999999,43.27322],[-79.96655,43.2731600000001],[-79.97135,43.2734100000001],[-79.97223,43.2733400000001],[-79.97372,43.27301],[-80.028,43.25316],[-80.04022,43.2477700000001],[-80.04182,43.24722],[-80.0437899999999,43.2467300000001],[-80.0526,43.24514],[-80.1529,43.23789],[-80.15473,43.2376600000001],[-80.1567,43.2372700000001],[-80.1582799999999,43.23681],[-80.15984,43.2362],[-80.16094,43.2356800000001],[-80.16191,43.2351100000001],[-80.1631599999999,43.2342400000001],[-80.20355,43.20074],[-80.2047899999999,43.19953],[-80.20563,43.1985500000001],[-80.2063899999999,43.19746],[-80.20713,43.1961400000001],[-80.2135499999999,43.1808300000001],[-80.2142499999999,43.17953],[-80.215,43.1785100000001],[-80.21615,43.1773200000001],[-80.2173,43.1764],[-80.21932,43.17512],[-80.2417,43.1614200000001],[-80.25001,43.15583],[-80.25143,43.15479],[-80.25258,43.1537500000001],[-80.2536499999999,43.1526200000001],[-80.25436,43.15173],[-80.25665,43.1482300000001],[-80.25702,43.14788],[-80.2575599999999,43.1475300000001],[-80.25826,43.14723],[-80.25901,43.14705],[-80.26003,43.1469200000001],[-80.26478,43.14664],[-80.265708788,43.146689935]]},"properties":{"OBJECTID":65,"Route":"Windsor - Toronto","ORIG_FID":6,"ORIG_SEQ":3,"Segment_Length":40.722643790909274,"Shape__Length":55871.076152066336}},{"type":"Feature","id":66,"geometry":{"type":"LineString","coordinates":[[-80.265708788,43.146689935],[-80.26571,43.14669],[-80.2666599999999,43.14687],[-80.27586,43.14944],[-80.27741,43.14997],[-80.27853,43.15043],[-80.27951,43.15097],[-80.2808699999999,43.15194],[-80.2956399999999,43.16555],[-80.29704,43.16668],[-80.2985399999999,43.16765],[-80.2999399999999,43.16839],[-80.30141,43.1690400000001],[-80.3030199999999,43.16961],[-80.3048199999999,43.1701100000001],[-80.34976,43.1816700000001],[-80.3512899999999,43.1821400000001],[-80.3540599999999,43.18323],[-80.3555499999999,43.184],[-80.35732,43.18508],[-80.37332,43.1955800000001],[-80.3749,43.19654],[-80.3758999999999,43.19699],[-80.37718,43.1974000000001],[-80.37862,43.1977],[-80.3799,43.19782],[-80.3853,43.1980500000001],[-80.38728,43.19836],[-80.38886,43.1988900000001],[-80.39296,43.2011400000001],[-80.39376,43.20147],[-80.39453,43.2016400000001],[-80.3953099999999,43.20171],[-80.39617,43.2016600000001],[-80.4330899999999,43.19291],[-80.47342,43.1853800000001],[-80.65453,43.1415200000001],[-80.6597199999999,43.14045],[-80.7521199999999,43.1265300000001],[-80.752123206,43.126529582]]},"properties":{"OBJECTID":66,"Route":"Windsor - Toronto","ORIG_FID":6,"ORIG_SEQ":4,"Segment_Length":42.775153599793953,"Shape__Length":58583.270676404296}},{"type":"Feature","id":67,"geometry":{"type":"LineString","coordinates":[[-79.682452121,43.454884705],[-79.7836599999999,43.35776],[-79.78547,43.35618],[-79.78747,43.3546400000001],[-79.79086,43.35247],[-79.855031079,43.312921826]]},"properties":{"OBJECTID":67,"Route":"Windsor - Toronto","ORIG_FID":6,"ORIG_SEQ":2,"Segment_Length":21.192630175018913,"Shape__Length":29170.456115888555}},{"type":"Feature","id":68,"geometry":{"type":"LineString","coordinates":[[-79.38032,43.6448100000001],[-79.3989,43.64072],[-79.40127,43.64041],[-79.4060399999999,43.64013],[-79.42191,43.64063],[-79.42392,43.6408700000001],[-79.42601,43.6414100000001],[-79.42778,43.64212],[-79.4392799999999,43.6474900000001],[-79.44098,43.6484300000001],[-79.44252,43.6495100000001],[-79.4438699999999,43.6506800000001],[-79.46975,43.67706],[-79.47135,43.6784500000001],[-79.47333,43.6799600000001],[-79.47497,43.6810600000001],[-79.4790199999999,43.68332],[-79.5196799999999,43.7034600000001],[-79.52217,43.7046500000001],[-79.52414,43.70541],[-79.52595,43.70595],[-79.52778,43.7063600000001],[-79.5303699999999,43.70675],[-79.5318599999999,43.70687],[-79.5347399999999,43.70692],[-79.6381407759999,43.704853767]]},"properties":{"OBJECTID":68,"Route":"Sarnia - Toronto","ORIG_FID":7,"ORIG_SEQ":1,"Segment_Length":23.781024525922373,"Shape__Length":32855.697997993062}},{"type":"Feature","id":69,"geometry":{"type":"LineString","coordinates":[[-82.1222598259999,42.9479788570001],[-82.1604,42.94833],[-82.34297,42.95538],[-82.34586,42.9557],[-82.3479599999999,42.9561],[-82.3493,42.95626],[-82.3665599999999,42.9569500000001],[-82.3686,42.95684],[-82.3713999999999,42.9565200000001],[-82.37312,42.95651],[-82.38892,42.9570900000001]]},"properties":{"OBJECTID":69,"Route":"Sarnia - Toronto","ORIG_FID":7,"ORIG_SEQ":11,"Segment_Length":21.798076337689309,"Shape__Length":29735.970625079794}},{"type":"Feature","id":70,"geometry":{"type":"LineString","coordinates":[[-81.6229177449999,42.954661721],[-81.7403899999999,42.9444100000001],[-81.74325,42.9442500000001],[-81.74751,42.94424],[-81.94751,42.94637],[-82.1222598259999,42.9479788570001]]},"properties":{"OBJECTID":70,"Route":"Sarnia - Toronto","ORIG_FID":7,"ORIG_SEQ":10,"Segment_Length":40.822779176006527,"Shape__Length":55683.950179877858}},{"type":"Feature","id":71,"geometry":{"type":"LineString","coordinates":[[-81.1364287389999,43.260393267],[-81.1362599999999,43.2595200000001],[-81.1362599999999,43.25865],[-81.1364299999999,43.2576600000001],[-81.13724,43.2557200000001],[-81.13965,43.2509400000001],[-81.14001,43.2496600000001],[-81.14007,43.24895],[-81.14001,43.2481700000001],[-81.13546,43.22612],[-81.1353599999999,43.22515],[-81.13537,43.22407],[-81.14913,43.0752200000001],[-81.14944,43.07309],[-81.14973,43.0720900000001],[-81.15031,43.07066],[-81.15101,43.0693400000001],[-81.17976,43.01939],[-81.1811,43.01752],[-81.2054699999999,42.9912600000001],[-81.2068399999999,42.99026],[-81.20759,42.98983],[-81.2093599999999,42.98911],[-81.2187,42.98645],[-81.21945,42.98636],[-81.22493,42.9863300000001],[-81.22696,42.98616],[-81.2311699999999,42.98544],[-81.2372099999999,42.9838],[-81.24045,42.9826],[-81.24256,42.9819900000001],[-81.2442,42.98168],[-81.246729412,42.980973571]]},"properties":{"OBJECTID":71,"Route":"Sarnia - Toronto","ORIG_FID":7,"ORIG_SEQ":8,"Segment_Length":34.760519253405874,"Shape__Length":47682.333188676479}},{"type":"Feature","id":72,"geometry":{"type":"LineString","coordinates":[[-80.97574159,43.3643700960001],[-80.9768999999999,43.3644400000001],[-80.97783,43.36438],[-80.98274,43.36353],[-80.9913299999999,43.3615500000001],[-80.99331,43.3609900000001],[-80.9949799999999,43.36039],[-80.9968499999999,43.35954],[-80.99852,43.3585800000001],[-81.13366,43.2701700000001],[-81.13514,43.26909],[-81.13597,43.26829],[-81.1366,43.2673600000001],[-81.13694,43.26665],[-81.13715,43.26596],[-81.1372499999999,43.2652800000001],[-81.13723,43.2645400000001],[-81.1364287389999,43.260393267]]},"properties":{"OBJECTID":72,"Route":"Sarnia - Toronto","ORIG_FID":7,"ORIG_SEQ":7,"Segment_Length":17.884927837979824,"Shape__Length":24581.121019336839}},{"type":"Feature","id":73,"geometry":{"type":"LineString","coordinates":[[-81.246729412,42.980973571],[-81.2582,42.9777700000001],[-81.2605799999999,42.9772800000001],[-81.26188,42.9771000000001],[-81.26458,42.97693],[-81.26617,42.9769200000001],[-81.26951,42.9771400000001],[-81.27137,42.97742],[-81.34246,42.9902000000001],[-81.34491,42.9905400000001],[-81.34678,42.99068],[-81.34855,42.9907200000001],[-81.3520599999999,42.9904700000001],[-81.35372,42.99019],[-81.35573,42.9897100000001],[-81.3573499999999,42.98922],[-81.35982,42.98821],[-81.42974,42.95446],[-81.43132,42.95383],[-81.43305,42.9532800000001],[-81.4354299999999,42.9527200000001],[-81.43787,42.95237],[-81.48553,42.94737],[-81.4884299999999,42.94712],[-81.49146,42.9470200000001],[-81.49485,42.9470900000001],[-81.4987,42.9474200000001],[-81.59158,42.9564100000001],[-81.59555,42.95666],[-81.5986599999999,42.95666],[-81.60277,42.95642],[-81.6229177449999,42.954661721]]},"properties":{"OBJECTID":73,"Route":"Sarnia - Toronto","ORIG_FID":7,"ORIG_SEQ":9,"Segment_Length":32.289672349924423,"Shape__Length":44071.7331006405}},{"type":"Feature","id":74,"geometry":{"type":"LineString","coordinates":[[-80.493196271,43.455709846],[-80.49896,43.4537500000001],[-80.53997,43.44018],[-80.54299,43.43904],[-80.5458399999999,43.43776],[-80.54772,43.4367800000001],[-80.5771799999999,43.42044],[-80.5789,43.4196400000001],[-80.58026,43.41916],[-80.5815399999999,43.4188300000001],[-80.58291,43.4185900000001],[-80.58451,43.4184300000001],[-80.60382,43.4184000000001],[-80.60612,43.41826],[-80.6098699999999,43.4178500000001],[-80.6140799999999,43.4170800000001],[-80.6188999999999,43.4158100000001],[-80.63046,43.4119000000001],[-80.63456,43.4109300000001],[-80.63874,43.4103500000001],[-80.65664,43.40853],[-80.6586799999999,43.40815],[-80.66059,43.4076400000001],[-80.66226,43.4070800000001],[-80.6642199999999,43.40624],[-80.6659099999999,43.4053500000001],[-80.6886699999999,43.3924500000001],[-80.69239,43.39048],[-80.69435,43.3896300000001],[-80.6978999999999,43.3882800000001],[-80.75277,43.3688700000001],[-80.75629,43.36767],[-80.75911,43.36686],[-80.76222,43.3661500000001],[-80.76644,43.36548],[-80.7689099999999,43.3652200000001],[-80.7726,43.36505],[-80.9315799999999,43.36677],[-80.93515,43.3666400000001],[-80.9380099999999,43.3663700000001],[-80.9406099999999,43.3660100000001],[-80.9433299999999,43.3655],[-80.94657,43.36474],[-80.94851,43.3643700000001],[-80.95183,43.3640600000001],[-80.97574,43.3643700000001],[-80.97574159,43.3643700960001]]},"properties":{"OBJECTID":74,"Route":"Sarnia - Toronto","ORIG_FID":7,"ORIG_SEQ":6,"Segment_Length":41.722936374558643,"Shape__Length":57349.930438375617}},{"type":"Feature","id":75,"geometry":{"type":"LineString","coordinates":[[-80.245592807,43.545241291],[-80.2472099999999,43.54371],[-80.24814,43.54294],[-80.2490799999999,43.5423400000001],[-80.25821,43.5377700000001],[-80.2628099999999,43.5359700000001],[-80.27433,43.53225],[-80.27745,43.53112],[-80.3186499999999,43.51523],[-80.39915,43.4839900000001],[-80.40146,43.48321],[-80.4035499999999,43.4826200000001],[-80.4290599999999,43.47684],[-80.4312799999999,43.47627],[-80.43351,43.47558],[-80.48602,43.45815],[-80.493196271,43.455709846]]},"properties":{"OBJECTID":75,"Route":"Sarnia - Toronto","ORIG_FID":7,"ORIG_SEQ":5,"Segment_Length":22.441528023303796,"Shape__Length":30909.904547482733}},{"type":"Feature","id":76,"geometry":{"type":"LineString","coordinates":[[-79.7644799999999,43.68685],[-79.91912,43.65551]]},"properties":{"OBJECTID":76,"Route":"Sarnia - Toronto","ORIG_FID":7,"ORIG_SEQ":3,"Segment_Length":12.948360061632298,"Shape__Length":17877.394659211859}},{"type":"Feature","id":77,"geometry":{"type":"LineString","coordinates":[[-79.91912,43.65551],[-79.9296799999999,43.65331],[-79.93306,43.65234],[-79.98049,43.63683],[-79.98281,43.63599],[-79.99911,43.6291400000001],[-80.00042,43.62866],[-80.00208,43.6282400000001],[-80.00352,43.6279900000001],[-80.00517,43.6278300000001],[-80.0068699999999,43.6278],[-80.0097299999999,43.62813],[-80.03446,43.6339400000001],[-80.03609,43.6341800000001],[-80.03718,43.6342300000001],[-80.03926,43.6343000000001],[-80.0411599999999,43.63424],[-80.04292,43.6341100000001],[-80.14647,43.6205800000001],[-80.14827,43.6202900000001],[-80.14996,43.6198600000001],[-80.15113,43.6194600000001],[-80.15329,43.61843],[-80.15426,43.6178200000001],[-80.1560499999999,43.61636],[-80.18289,43.5849200000001],[-80.184,43.5836800000001],[-80.18553,43.58216],[-80.1875399999999,43.5803900000001],[-80.20642,43.5651800000001],[-80.21025,43.56226],[-80.212,43.56111],[-80.2142499999999,43.56007],[-80.21623,43.5593400000001],[-80.21876,43.5586700000001],[-80.2274199999999,43.5569600000001],[-80.23007,43.55625],[-80.23241,43.5553400000001],[-80.23384,43.5546600000001],[-80.23557,43.5536700000001],[-80.23671,43.5529000000001],[-80.24288,43.54781],[-80.245592807,43.545241291]]},"properties":{"OBJECTID":77,"Route":"Sarnia - Toronto","ORIG_FID":7,"ORIG_SEQ":4,"Segment_Length":31.182881236818538,"Shape__Length":43040.450451481956}},{"type":"Feature","id":78,"geometry":{"type":"LineString","coordinates":[[-79.6381407759999,43.704853767],[-79.6623499999999,43.70437],[-79.66555,43.70448],[-79.6696899999999,43.70423],[-79.67723,43.7039500000001],[-79.67992,43.70372],[-79.68245,43.70336],[-79.7644799999999,43.68685]]},"properties":{"OBJECTID":78,"Route":"Sarnia - Toronto","ORIG_FID":7,"ORIG_SEQ":2,"Segment_Length":10.442454608692739,"Shape__Length":14422.849452782504}},{"type":"Feature","id":79,"geometry":{"type":"LineString","coordinates":[[-79.38032,43.6448100000001],[-79.38917,43.64268],[-79.3979899999999,43.64067],[-79.40462,43.6398300000001],[-79.42701,43.63376],[-79.4285199999999,43.6334700000001],[-79.43018,43.6333300000001],[-79.43159,43.63332],[-79.4332599999999,43.63345],[-79.43473,43.63368],[-79.4358499999999,43.63397],[-79.4372899999999,43.6344500000001],[-79.44357,43.63714],[-79.44576,43.6379000000001],[-79.44832,43.63851],[-79.45109,43.63897],[-79.4539,43.6392300000001],[-79.45631,43.63928],[-79.45806,43.63919],[-79.4602399999999,43.6388900000001],[-79.46228,43.6384400000001],[-79.4644,43.63786],[-79.4665199999999,43.63707],[-79.47196,43.63468],[-79.47443,43.63334],[-79.47551,43.63261],[-79.49377,43.6187400000001],[-79.49979,43.6147700000001],[-79.50362,43.6127200000001],[-79.54711,43.5910900000001],[-79.5504,43.58907],[-79.55405,43.58632],[-79.59104,43.55244],[-79.6332199999999,43.51358],[-79.63717,43.51007],[-79.64023,43.5071500000001],[-79.64176,43.50546],[-79.6781799999999,43.4592],[-79.6803,43.4569500000001],[-79.682452121,43.454884705]]},"properties":{"OBJECTID":79,"Route":"Toronto - New York","ORIG_FID":8,"ORIG_SEQ":1,"Segment_Length":34.387573151307556,"Shape__Length":47465.650520343275}},{"type":"Feature","id":91,"geometry":{"type":"LineString","coordinates":[[-79.855031079,43.312921826],[-79.8840299999999,43.2950500000001],[-79.88478,43.2945100000001],[-79.88552,43.29386],[-79.88631,43.2929500000001],[-79.88829,43.28988],[-79.89068,43.2859],[-79.8910299999999,43.28492],[-79.89108,43.2843300000001],[-79.8905099999999,43.2806200000001],[-79.89025,43.27966],[-79.88983,43.2786],[-79.88899,43.2772],[-79.88636,43.2734100000001],[-79.88503,43.2720200000001],[-79.88413,43.27131],[-79.88346,43.2709400000001],[-79.8823,43.2705500000001],[-79.8785599999999,43.2695400000001],[-79.87476,43.26883],[-79.77752,43.24596],[-79.7635099999999,43.2426600000001],[-79.75856,43.2413900000001],[-79.75526,43.2407000000001],[-79.6143299999999,43.20732],[-79.5581691639999,43.1960710930001]]},"properties":{"OBJECTID":91,"Route":"Toronto - New York","ORIG_FID":8,"ORIG_SEQ":3,"Segment_Length":33.776416523544484,"Shape__Length":46325.309060868516}},{"type":"Feature","id":92,"geometry":{"type":"LineString","coordinates":[[-79.5581691639999,43.1960710930001],[-79.51368,43.1871600000001],[-79.3939,43.16884],[-79.25638,43.14766],[-79.2563779979999,43.1476596890001]]},"properties":{"OBJECTID":92,"Route":"Toronto - New York","ORIG_FID":8,"ORIG_SEQ":4,"Segment_Length":25.128282590531526,"Shape__Length":34406.350862051047}},{"type":"Feature","id":93,"geometry":{"type":"LineString","coordinates":[[-79.682452121,43.454884705],[-79.7836599999999,43.35776],[-79.78547,43.35618],[-79.78747,43.3546400000001],[-79.79086,43.35247],[-79.855031079,43.312921826]]},"properties":{"OBJECTID":93,"Route":"Toronto - New York","ORIG_FID":8,"ORIG_SEQ":2,"Segment_Length":21.192630175018913,"Shape__Length":29170.456115888555}},{"type":"Feature","id":94,"geometry":{"type":"LineString","coordinates":[[-79.2563779979999,43.1476596890001],[-79.18803,43.13705],[-79.1863099999999,43.1368600000001],[-79.1843,43.1367700000001],[-79.18226,43.13685],[-79.1802499999999,43.1370600000001],[-79.1785599999999,43.13737],[-79.1508199999999,43.1446],[-79.1474699999999,43.1452100000001],[-79.14489,43.1454000000001],[-79.14258,43.1453100000001],[-79.10725,43.14266],[-79.10302,43.14203],[-79.1006599999999,43.14144],[-79.09819,43.14057],[-79.09611,43.13955],[-79.09336,43.13802],[-79.09028,43.1361200000001],[-79.08825,43.1344],[-79.08696,43.13305],[-79.08527,43.13043],[-79.0764799999999,43.1138300000001],[-79.07558,43.1125400000001],[-79.0743899999999,43.1114400000001],[-79.0731299999999,43.11062],[-79.07238,43.1102300000001],[-79.07048,43.1095300000001],[-79.0690299999999,43.1091900000001],[-79.0674099999999,43.1090100000001],[-79.06578,43.10895],[-79.063338775,43.1089592820001]]},"properties":{"OBJECTID":94,"Route":"Toronto - New York","ORIG_FID":8,"ORIG_SEQ":5,"Segment_Length":18.042630414298248,"Shape__Length":24704.279533262103}},{"type":"Feature","id":101,"geometry":{"type":"LineString","coordinates":[[-81.24673,42.9809900000001],[-81.2442,42.98168],[-81.24256,42.9819900000001],[-81.24045,42.9826],[-81.2372099999999,42.9838],[-81.2311699999999,42.98544],[-81.22696,42.98616],[-81.22493,42.9863300000001],[-81.22328,42.9863800000001],[-81.21477,42.98625],[-81.12837,42.9845],[-81.1262,42.98456],[-81.12396,42.9848000000001],[-81.0841,42.9912100000001],[-81.08258,42.9913900000001],[-81.0797699999999,42.9915],[-81.04948,42.9908800000001],[-81.04652,42.9910300000001],[-80.96611,43.00444],[-80.96419,43.00494],[-80.96235,43.0055600000001],[-80.96095,43.00615],[-80.88791,43.0406300000001],[-80.887906852,43.040631638]]},"properties":{"OBJECTID":101,"Route":"London - Toronto","ORIG_FID":9,"ORIG_SEQ":1,"Segment_Length":30.786446839790123,"Shape__Length":42042.214914223412}},{"type":"Feature","id":102,"geometry":{"type":"LineString","coordinates":[[-80.752123206,43.126529582],[-80.7521199999999,43.1265300000001],[-80.6597199999999,43.14045],[-80.65453,43.1415200000001],[-80.47342,43.1853800000001],[-80.4330899999999,43.19291],[-80.39617,43.2016600000001],[-80.3953099999999,43.20171],[-80.39453,43.2016400000001],[-80.39376,43.20147],[-80.39296,43.2011400000001],[-80.38886,43.1988900000001],[-80.38728,43.19836],[-80.3853,43.1980500000001],[-80.3799,43.19782],[-80.37862,43.1977],[-80.37718,43.1974000000001],[-80.3758999999999,43.19699],[-80.3749,43.19654],[-80.37332,43.1955800000001],[-80.35732,43.18508],[-80.3555499999999,43.184],[-80.3540599999999,43.18323],[-80.3512899999999,43.1821400000001],[-80.34976,43.1816700000001],[-80.3048199999999,43.1701100000001],[-80.3030199999999,43.16961],[-80.30141,43.1690400000001],[-80.2999399999999,43.16839],[-80.2985399999999,43.16765],[-80.29704,43.16668],[-80.2956399999999,43.16555],[-80.2808699999999,43.15194],[-80.27951,43.15097],[-80.27853,43.15043],[-80.27741,43.14997],[-80.27586,43.14944],[-80.2666599999999,43.14687],[-80.26571,43.14669],[-80.265708788,43.146689935]]},"properties":{"OBJECTID":102,"Route":"London - Toronto","ORIG_FID":9,"ORIG_SEQ":3,"Segment_Length":42.775153599793931,"Shape__Length":58583.270676404318}},{"type":"Feature","id":103,"geometry":{"type":"LineString","coordinates":[[-80.887906852,43.040631638],[-80.8846799999999,43.04231],[-80.88357,43.04303],[-80.88204,43.0442100000001],[-80.86846,43.0566600000001],[-80.866,43.0591000000001],[-80.85462,43.07172],[-80.84124,43.0873600000001],[-80.8391799999999,43.0892400000001],[-80.81451,43.1066500000001],[-80.81333,43.10742],[-80.8119799999999,43.10817],[-80.80214,43.11289],[-80.7757799999999,43.12372],[-80.77414,43.1242800000001],[-80.77286,43.1245900000001],[-80.7704899999999,43.12503],[-80.76811,43.1252700000001],[-80.75496,43.12616],[-80.752123206,43.126529582]]},"properties":{"OBJECTID":103,"Route":"London - Toronto","ORIG_FID":9,"ORIG_SEQ":2,"Segment_Length":15.164122081073852,"Shape__Length":20765.776661625427}},{"type":"Feature","id":104,"geometry":{"type":"LineString","coordinates":[[-79.855031079,43.312921826],[-79.79086,43.35247],[-79.78747,43.3546400000001],[-79.78547,43.35618],[-79.7836599999999,43.35776],[-79.682452121,43.454884705]]},"properties":{"OBJECTID":104,"Route":"London - Toronto","ORIG_FID":9,"ORIG_SEQ":5,"Segment_Length":21.192630175018916,"Shape__Length":29170.456115888563}},{"type":"Feature","id":105,"geometry":{"type":"LineString","coordinates":[[-80.265708788,43.146689935],[-80.26478,43.14664],[-80.26003,43.1469200000001],[-80.25901,43.14705],[-80.25826,43.14723],[-80.2575599999999,43.1475300000001],[-80.25702,43.14788],[-80.25665,43.1482300000001],[-80.25436,43.15173],[-80.2536499999999,43.1526200000001],[-80.25258,43.1537500000001],[-80.25143,43.15479],[-80.25001,43.15583],[-80.2417,43.1614200000001],[-80.21932,43.17512],[-80.2173,43.1764],[-80.21615,43.1773200000001],[-80.215,43.1785100000001],[-80.2142499999999,43.17953],[-80.2135499999999,43.1808300000001],[-80.20713,43.1961400000001],[-80.2063899999999,43.19746],[-80.20563,43.1985500000001],[-80.2047899999999,43.19953],[-80.20355,43.20074],[-80.1631599999999,43.2342400000001],[-80.16191,43.2351100000001],[-80.16094,43.2356800000001],[-80.15984,43.2362],[-80.1582799999999,43.23681],[-80.1567,43.2372700000001],[-80.15473,43.2376600000001],[-80.1529,43.23789],[-80.0526,43.24514],[-80.0437899999999,43.2467300000001],[-80.04182,43.24722],[-80.04022,43.2477700000001],[-80.028,43.25316],[-79.97372,43.27301],[-79.97223,43.2733400000001],[-79.97135,43.2734100000001],[-79.96655,43.2731600000001],[-79.9647399999999,43.27322],[-79.95341,43.2749000000001],[-79.95228,43.2751700000001],[-79.95061,43.2756900000001],[-79.94391,43.27817],[-79.94183,43.2790800000001],[-79.9405199999999,43.2798100000001],[-79.9334199999999,43.2845800000001],[-79.93259,43.28506],[-79.93078,43.2858000000001],[-79.92869,43.2862500000001],[-79.92693,43.28637],[-79.91729,43.2859300000001],[-79.91516,43.28596],[-79.91328,43.2861100000001],[-79.90092,43.28817],[-79.8994,43.2883100000001],[-79.89791,43.2883],[-79.8967,43.2881800000001],[-79.8943,43.2877],[-79.89363,43.2876200000001],[-79.89289,43.2876400000001],[-79.89118,43.28808],[-79.89023,43.2884100000001],[-79.8894,43.28885],[-79.8887999999999,43.2893],[-79.88829,43.28988],[-79.88631,43.2929500000001],[-79.88552,43.29386],[-79.8840299999999,43.2950500000001],[-79.855031079,43.312921826]]},"properties":{"OBJECTID":105,"Route":"London - Toronto","ORIG_FID":9,"ORIG_SEQ":4,"Segment_Length":40.722643790909274,"Shape__Length":55871.076152066329}},{"type":"Feature","id":106,"geometry":{"type":"LineString","coordinates":[[-79.682452121,43.454884705],[-79.6803,43.4569500000001],[-79.6781799999999,43.4592],[-79.64176,43.50546],[-79.64023,43.5071500000001],[-79.63717,43.51007],[-79.6332199999999,43.51358],[-79.59104,43.55244],[-79.55405,43.58632],[-79.5504,43.58907],[-79.54711,43.5910900000001],[-79.50362,43.6127200000001],[-79.49979,43.6147700000001],[-79.49377,43.6187400000001],[-79.47551,43.63261],[-79.47443,43.63334],[-79.47196,43.63468],[-79.4665199999999,43.63707],[-79.4644,43.63786],[-79.46228,43.6384400000001],[-79.4602399999999,43.6388900000001],[-79.45806,43.63919],[-79.45631,43.63928],[-79.4539,43.6392300000001],[-79.45109,43.63897],[-79.44832,43.63851],[-79.44576,43.6379000000001],[-79.44357,43.63714],[-79.4372899999999,43.6344500000001],[-79.4358499999999,43.63397],[-79.43473,43.63368],[-79.4332599999999,43.63345],[-79.43159,43.63332],[-79.43018,43.6333300000001],[-79.4285199999999,43.6334700000001],[-79.42701,43.63376],[-79.40462,43.6398300000001],[-79.3979899999999,43.64067],[-79.38917,43.64268],[-79.38032,43.6448100000001]]},"properties":{"OBJECTID":106,"Route":"London - Toronto","ORIG_FID":9,"ORIG_SEQ":6,"Segment_Length":34.387573151307585,"Shape__Length":47465.650520343261}}]}